City_ID,City,Country,Date,Lat,Lng,Max Temp,Humidity,Cloudiness,Wind Speed
0,Qaanaaq,GL,2020-11-08 23:53:53,77.48,-69.36,-7.82,71,58,10.45
1,Hasaki,JP,2020-11-08 23:54:00,35.73,140.83,55.0,58,75,2.24
2,Isangel,VU,2020-11-08 23:54:28,-19.55,169.27,78.8,83,75,5.82
3,Carnarvon,AU,2020-11-08 23:54:01,-24.87,113.63,71.6,64,90,10.29
4,Mahebourg,MU,2020-11-08 23:54:07,-20.41,57.7,73.4,88,40,5.82
5,Don Benito,ES,2020-11-08 23:54:56,38.96,-5.86,57.0,93,97,1.99
6,Aitape,PG,2020-11-08 23:54:56,-3.14,142.35,86.14,64,53,1.34
7,Scarborough,GB,2020-11-08 23:54:56,54.28,-0.4,51.01,95,82,1.99
8,Richards Bay,ZA,2020-11-08 23:50:26,-28.78,32.04,74.08,86,84,14.34
9,Georgetown,MY,2020-11-08 23:54:57,5.41,100.34,77.0,88,40,3.36
10,Pacaembu,BR,2020-11-08 23:54:57,-21.56,-51.26,83.82,28,1,5.44
11,Jamestown,US,2020-11-08 23:53:52,42.1,-79.24,62.6,45,1,5.82
12,Albany,US,2020-11-08 23:53:33,42.6,-73.97,55.99,58,0,1.97
13,Cape Town,ZA,2020-11-08 23:49:52,-33.93,18.42,57.0,62,20,9.17
14,Bluff,NZ,2020-11-08 23:53:46,-46.6,168.33,55.99,75,91,8.99
15,Cherskiy,RU,2020-11-08 23:54:47,68.75,161.3,2.12,94,96,2.55
16,Paamiut,GL,2020-11-08 23:54:50,61.99,-49.67,23.81,87,100,44.43
17,Porto Velho,BR,2020-11-08 23:50:13,-8.76,-63.9,78.8,88,75,6.93
18,Hermanus,ZA,2020-11-08 23:54:00,-34.42,19.23,52.0,90,43,11.12
19,Port Elizabeth,ZA,2020-11-08 23:53:58,-33.92,25.57,55.99,95,100,4.0
20,Rikitea,PF,2020-11-08 23:54:58,-23.12,-134.97,72.95,77,92,16.42
21,Camacha,PT,2020-11-08 23:54:33,33.08,-16.33,64.4,77,40,5.82
22,Rawson,AR,2020-11-08 23:54:28,-43.3,-65.1,67.55,58,99,18.63
23,Katsuura,JP,2020-11-08 23:53:55,35.13,140.3,59.0,38,96,5.01
24,Kruisfontein,ZA,2020-11-08 23:54:50,-34.0,24.73,55.99,95,100,4.0
25,Busselton,AU,2020-11-08 23:53:52,-33.65,115.33,63.0,82,97,14.65
26,New Norfolk,AU,2020-11-08 23:53:52,-42.78,147.06,69.01,36,4,1.01
27,Ushuaia,AR,2020-11-08 23:54:59,-54.8,-68.3,44.6,78,40,26.4
28,Punta Arenas,CL,2020-11-08 23:53:45,-53.15,-70.92,44.6,70,0,18.34
29,Vila Franca Do Campo,PT,2020-11-08 23:54:31,37.72,-25.43,59.0,82,40,2.24
30,Riyadh,SA,2020-11-08 23:54:59,24.69,46.72,71.6,53,0,4.7
31,Lebu,CL,2020-11-08 23:53:57,-37.62,-73.65,52.63,90,0,19.44
32,Kolokani,ML,2020-11-08 23:54:59,13.57,-8.03,76.39,21,14,5.17
33,Puerto Ayora,EC,2020-11-08 23:54:04,-0.74,-90.35,70.0,81,11,5.01
34,Aswan,EG,2020-11-08 23:54:59,24.09,32.91,65.07,42,0,6.62
35,Teya,RU,2020-11-08 23:53:51,60.38,92.63,37.87,78,100,13.78
36,Storforshei,NO,2020-11-08 23:55:00,66.4,14.52,42.01,93,100,3.0
37,Axim,GH,2020-11-08 23:54:02,4.87,-2.24,78.22,86,71,7.47
38,Tiksi,RU,2020-11-08 23:54:02,71.69,128.87,-9.38,90,34,3.71
39,Butaritari,KI,2020-11-08 23:53:56,3.07,172.79,81.61,65,49,7.76
40,Mataura,NZ,2020-11-08 23:55:00,-46.19,168.86,55.99,75,99,8.99
41,Sampit,ID,2020-11-08 23:55:00,-2.53,112.95,76.44,94,94,1.54
42,Cap-Aux-Meules,CA,2020-11-08 23:55:00,47.38,-61.86,30.2,80,28,2.24
43,Tallahassee,US,2020-11-08 23:51:35,30.44,-84.28,78.8,65,40,10.29
44,Puerto Del Rosario,ES,2020-11-08 23:55:00,28.5,-13.86,66.2,77,0,6.93
45,Evensk,RU,2020-11-08 23:54:24,61.95,159.23,9.9,88,100,12.86
46,East London,ZA,2020-11-08 23:53:46,-33.02,27.91,67.19,76,96,5.53
47,Bredasdorp,ZA,2020-11-08 23:54:06,-34.53,20.04,53.6,81,6,6.93
48,Baruun-Urt,MN,2020-11-08 23:54:17,46.68,113.28,26.13,89,2,8.95
49,Zubtsov,RU,2020-11-08 23:55:01,56.18,34.59,33.89,90,0,6.46
50,Lompoc,US,2020-11-08 23:53:55,34.64,-120.46,55.4,54,20,20.8
51,Sitka,US,2020-11-08 23:54:29,57.05,-135.33,42.8,75,90,21.92
52,Paoua,CF,2020-11-08 23:55:01,7.24,16.44,70.34,51,20,3.11
53,San Rafael,AR,2020-11-08 23:52:06,-34.62,-68.33,66.18,61,86,13.58
54,Presidente Olegario,BR,2020-11-08 23:55:02,-18.42,-46.42,72.28,74,100,5.91
55,Cidreira,BR,2020-11-08 23:54:33,-30.18,-50.21,68.47,80,95,15.88
56,Samarai,PG,2020-11-08 23:54:13,-10.62,150.67,79.74,85,99,17.18
57,Longyearbyen,SJ,2020-11-08 23:54:03,78.22,15.64,26.6,79,40,3.36
58,Haines Junction,CA,2020-11-08 23:55:02,60.75,-137.51,37.4,59,100,12.75
59,Vaini,TO,2020-11-08 23:53:59,-21.2,-175.2,80.6,74,20,8.05
60,Bambous Virieux,MU,2020-11-08 23:54:16,-20.34,57.76,73.4,88,40,5.82
61,Cayenne,GF,2020-11-08 23:50:02,4.93,-52.33,80.6,88,20,6.93
62,Walvis Bay,NA,2020-11-08 23:54:06,-22.96,14.51,59.0,87,51,1.12
63,Hilo,US,2020-11-08 23:53:21,19.73,-155.09,86.0,55,90,6.93
64,Khatanga,RU,2020-11-08 23:54:02,71.97,102.5,9.41,91,100,17.87
65,Zabid,YE,2020-11-08 23:55:03,14.2,43.32,77.67,73,2,3.83
66,Port Alfred,ZA,2020-11-08 23:53:51,-33.59,26.89,63.63,81,96,13.22
67,Bacolod,PH,2020-11-08 23:51:19,10.67,122.95,80.64,80,22,1.12
68,Strezhevoy,RU,2020-11-08 23:55:03,60.73,77.59,32.0,97,90,8.95
69,Caceres,ES,2020-11-08 23:55:03,39.52,-6.37,57.0,97,77,5.82
70,Verkhnyaya Inta,RU,2020-11-08 23:55:03,65.98,60.31,27.16,99,100,6.67
71,Morant Bay,JM,2020-11-08 23:55:03,17.88,-76.41,80.6,94,75,13.87
72,Lincoln,US,2020-11-08 23:52:37,40.8,-96.67,71.6,49,20,24.16
73,Sao Filipe,CV,2020-11-08 23:54:29,14.9,-24.5,79.79,74,7,9.95
74,Ponta Do Sol,PT,2020-11-08 23:54:02,32.67,-17.1,62.6,59,20,3.36
75,Manavalakurichi,IN,2020-11-08 23:55:04,8.13,77.3,80.6,94,20,1.12
76,Gandorhun,SL,2020-11-08 23:55:04,7.5,-11.83,74.17,96,79,1.39
77,Boueni,YT,2020-11-08 23:55:04,-12.9,45.08,80.6,78,75,4.7
78,Caninde,BR,2020-11-08 23:55:04,-4.36,-39.31,80.35,70,18,4.5
79,Vila Velha,BR,2020-11-08 23:53:27,-20.33,-40.29,77.0,88,20,8.05
80,Araouane,ML,2020-11-08 23:54:33,18.9,-3.53,80.67,17,14,8.46
81,Arraial Do Cabo,BR,2020-11-08 23:53:53,-22.97,-42.03,73.4,94,75,8.05
82,Airai,TL,2020-11-08 23:54:05,-8.93,125.41,75.67,40,37,4.9
83,Provideniya,RU,2020-11-08 23:54:02,64.38,-173.3,32.0,97,90,11.18
84,Portland,US,2020-11-08 23:51:40,45.52,-122.68,48.0,65,40,6.93
85,Bom Despacho,BR,2020-11-08 23:53:29,-19.74,-45.25,77.09,56,44,4.18
86,Tuktoyaktuk,CA,2020-11-08 23:54:17,69.45,-133.04,10.4,92,40,5.82
87,Saskylakh,RU,2020-11-08 23:54:06,71.92,114.08,-7.91,86,13,14.38
88,Svay Rieng,KH,2020-11-08 23:55:05,11.09,105.8,75.06,76,84,14.14
89,Wattegama,LK,2020-11-08 23:55:05,6.8,81.48,74.66,87,38,3.02
90,Chokurdakh,RU,2020-11-08 23:54:00,70.63,147.92,-11.76,91,100,2.89
91,Marawi,PH,2020-11-08 23:54:20,8.0,124.29,77.0,84,88,5.01
92,Pasni,PK,2020-11-08 23:55:05,25.26,63.47,73.72,51,0,5.84
93,Hervey Bay,AU,2020-11-08 23:55:06,-25.3,152.85,72.0,58,25,8.99
94,Saint-Germain-De-Grantham,CA,2020-11-08 23:55:06,45.83,-72.57,51.01,85,3,6.35
95,Yellowknife,CA,2020-11-08 23:53:51,62.46,-114.35,27.0,79,75,10.29
96,Yar-Sale,RU,2020-11-08 23:54:03,66.83,70.83,19.9,98,87,6.85
97,Vostok,RU,2020-11-08 23:54:45,46.49,135.88,17.56,96,99,6.06
98,Bardiyah,LY,2020-11-08 23:55:06,31.76,25.09,66.15,79,19,13.04
99,Nedumangad,IN,2020-11-08 23:55:06,8.6,77.0,80.6,94,20,1.12
100,Souillac,MU,2020-11-08 23:54:35,-20.52,57.52,73.4,88,40,5.82
101,Saint-Philippe,RE,2020-11-08 23:53:56,-21.36,55.77,73.4,73,0,1.12
102,Barra Do Garcas,BR,2020-11-08 23:50:56,-15.89,-52.26,80.76,58,89,2.51
103,Saint George,US,2020-11-08 23:53:54,37.1,-113.58,39.99,86,97,8.05
104,Panalingaan,PH,2020-11-08 23:55:07,8.78,117.42,81.82,74,6,4.99
105,Santa Rosa,PH,2020-11-08 23:55:07,14.31,121.11,80.6,88,90,1.12
106,Krasnoselkup,RU,2020-11-08 23:55:07,65.7,82.47,31.98,99,100,2.24
107,Porosozero,RU,2020-11-08 23:55:07,62.72,32.73,31.71,90,0,7.87
108,Mwinilunga,ZM,2020-11-08 23:55:07,-11.74,24.43,64.71,71,3,3.96
109,Tevaitoa,PF,2020-11-08 23:55:07,-16.78,-151.5,79.65,76,52,16.51
110,Matai,TZ,2020-11-08 23:55:07,-8.3,31.52,66.7,60,38,12.26
111,Neyagawa,JP,2020-11-08 23:51:29,34.77,135.63,55.4,76,40,3.36
112,Thompson,CA,2020-11-08 23:54:08,55.74,-97.86,12.2,85,90,11.41
113,Zyryanka,RU,2020-11-08 23:55:08,65.75,150.85,-3.53,92,97,6.76
114,Palmer,US,2020-11-08 23:54:34,42.16,-72.33,57.99,71,1,0.83
115,Pangai,TO,2020-11-08 23:55:08,-19.8,-174.35,80.6,74,20,8.05
116,Beyneu,KZ,2020-11-08 23:54:20,45.32,55.2,39.69,76,5,15.99
117,Borodino,RU,2020-11-08 23:55:08,55.91,94.9,35.85,83,69,6.15
118,Kaitangata,NZ,2020-11-08 23:54:12,-46.28,169.85,55.0,76,96,8.01
119,Yumen,CN,2020-11-08 23:55:08,40.28,97.2,33.33,63,0,7.25
120,Ghanzi,BW,2020-11-08 23:55:08,-21.57,21.78,79.02,46,93,3.91
121,Dingle,PH,2020-11-08 23:54:06,11.0,122.67,80.24,82,24,2.15
122,Graciano Sanchez,MX,2020-11-08 23:55:09,23.92,-99.28,86.0,35,5,8.05
123,Tasiilaq,GL,2020-11-08 23:53:54,65.61,-37.64,31.21,98,100,32.75
124,Severo-Kurilsk,RU,2020-11-08 23:54:14,50.68,156.12,37.22,77,100,14.54
125,Zhanakorgan,KZ,2020-11-08 23:55:09,43.91,67.25,37.18,91,42,8.37
126,Esperance,AU,2020-11-08 23:53:01,-33.87,121.9,71.6,56,0,17.22
127,Perdika,GR,2020-11-08 23:55:09,39.37,20.3,53.6,93,0,4.88
128,Mao,ES,2020-11-08 23:55:09,39.89,4.27,59.0,93,82,4.7
129,Sorland,NO,2020-11-08 23:55:10,67.67,12.69,44.83,68,99,31.21
130,Islamkot,PK,2020-11-08 23:55:10,24.7,70.18,75.06,31,0,7.61
131,Gazanjyk,TM,2020-11-08 23:55:10,39.24,55.52,48.06,66,0,2.71
132,Broome,US,2020-11-08 23:54:13,42.25,-75.83,64.4,31,1,1.19
133,Leh,IN,2020-11-08 23:55:10,34.17,77.58,27.99,60,2,1.81
134,Deolali,IN,2020-11-08 23:55:10,19.95,73.83,61.59,50,0,4.29
135,Xinyu,CN,2020-11-08 23:55:10,27.8,114.93,56.25,51,0,3.29
136,Pevek,RU,2020-11-08 23:54:02,69.7,170.31,17.24,94,99,3.38
137,Victor Harbor,AU,2020-11-08 23:55:10,-35.57,138.62,71.01,62,82,10.74
138,Dikson,RU,2020-11-08 23:54:20,73.51,80.55,1.98,94,96,12.21
139,Hobart,AU,2020-11-08 23:50:54,-42.88,147.33,69.01,48,5,6.93
140,Clyde River,CA,2020-11-08 23:50:33,70.47,-68.59,-0.4,70,1,20.8
141,Atuona,PF,2020-11-08 23:53:58,-9.8,-139.03,77.68,67,55,12.64
142,Guerrero Negro,MX,2020-11-08 23:54:36,27.98,-114.06,66.11,54,12,14.76
143,Castro,BR,2020-11-08 23:51:59,-24.79,-50.01,68.72,58,59,6.62
144,Gat,IL,2020-11-08 23:55:11,31.61,34.76,66.0,82,0,2.24
145,Mar Del Plata,AR,2020-11-08 23:53:54,-38.0,-57.56,62.01,100,90,10.29
146,Iqaluit,CA,2020-11-08 23:54:06,63.75,-68.51,19.4,85,90,16.11
147,Benicarlo,ES,2020-11-08 23:55:11,40.42,0.43,48.0,95,78,1.01
148,Kikwit,CD,2020-11-08 23:55:11,-5.04,18.82,71.46,97,100,1.86
149,Jvari,GE,2020-11-08 23:55:11,42.72,42.05,50.56,46,0,5.12
150,Touros,BR,2020-11-08 23:53:25,-5.2,-35.46,77.0,88,40,4.7
151,Kapaa,US,2020-11-08 23:53:45,22.08,-159.32,80.6,74,75,11.41
152,Atasu,KZ,2020-11-08 23:53:51,48.68,71.64,32.25,92,72,20.8
153,Panama City,PA,2020-11-08 23:53:01,8.99,-79.52,82.4,65,20,4.7
154,Zeya,RU,2020-11-08 23:55:12,53.75,127.27,3.81,79,0,4.03
155,Tayga,RU,2020-11-08 23:55:12,56.06,85.62,44.6,80,40,13.42
156,Twentynine Palms,US,2020-11-08 23:55:12,34.14,-116.05,55.4,30,20,34.45
157,Avarua,CK,2020-11-08 23:53:54,-21.21,-159.78,78.8,74,85,4.7
158,Tongliao,CN,2020-11-08 23:55:12,43.61,122.27,25.23,73,0,4.81
159,Lisala,CD,2020-11-08 23:55:13,2.15,21.52,70.45,98,96,1.59
160,Katangli,RU,2020-11-08 23:55:13,51.71,143.23,24.3,89,100,18.37
161,Yulara,AU,2020-11-08 23:54:27,-25.24,130.99,82.4,15,6,11.41
162,Hithadhoo,MV,2020-11-08 23:53:52,-0.6,73.08,83.84,72,91,8.01
163,Sao Jose Da Coroa Grande,BR,2020-11-08 23:54:40,-8.9,-35.15,77.34,85,49,9.8
164,Itaituba,BR,2020-11-08 23:55:13,-4.28,-55.98,77.94,88,98,3.11
165,Nuevo Progreso,MX,2020-11-08 23:55:13,23.17,-97.95,78.01,61,49,1.99
166,Kuusamo,FI,2020-11-08 23:55:13,65.97,29.18,24.8,85,0,4.7
167,Obzor,BG,2020-11-08 23:55:14,42.82,27.88,55.4,82,90,8.05
168,General Roca,AR,2020-11-08 23:55:14,-39.03,-67.58,73.4,64,0,6.93
169,Fairbanks,US,2020-11-08 23:54:34,64.84,-147.72,35.6,80,90,8.05
170,Borovoy,RU,2020-11-08 23:55:14,55.43,86.08,42.8,75,40,26.84
171,Norman Wells,CA,2020-11-08 23:54:07,65.28,-126.83,19.4,85,75,9.17
172,Udalguri,IN,2020-11-08 23:55:14,26.77,92.13,62.82,65,0,4.65
173,Bereda,ES,2020-11-08 23:54:22,43.27,-7.54,54.0,93,25,8.99
174,Kavaratti,IN,2020-11-08 23:55:14,10.57,72.64,83.37,74,0,6.67
175,Cabo San Lucas,MX,2020-11-08 23:54:11,22.89,-109.91,86.0,65,5,12.75
176,Anloga,GH,2020-11-08 23:55:15,5.79,0.9,80.6,83,20,5.82
177,Balkhash,KZ,2020-11-08 23:54:04,46.84,74.98,42.17,65,100,19.95
178,Port Lavaca,US,2020-11-08 23:55:15,28.61,-96.63,75.0,85,1,8.01
179,Victoria,HK,2020-11-08 23:51:03,22.29,114.16,73.99,45,61,7.52
180,Poum,NC,2020-11-08 23:54:44,-20.23,164.02,76.08,72,44,16.62
181,Jinchang,CN,2020-11-08 23:54:25,38.5,102.17,38.91,48,0,3.76
182,Healesville,AU,2020-11-08 23:55:15,-37.65,145.52,77.0,47,0,4.97
183,Dudinka,RU,2020-11-08 23:55:15,69.41,86.18,24.8,92,40,17.9
184,De-Kastri,RU,2020-11-08 23:55:15,51.47,140.78,19.2,85,89,13.22
185,Nanzhang,CN,2020-11-08 23:55:16,31.78,111.84,55.85,42,8,2.01
186,Quatre Cocos,MU,2020-11-08 23:55:16,-20.21,57.76,73.4,88,40,5.82
187,Lagoa,PT,2020-11-08 23:54:36,39.05,-27.98,60.39,59,89,8.41
188,Hohhot,CN,2020-11-08 23:55:16,40.81,111.65,19.4,67,0,6.71
189,Chuy,UY,2020-11-08 23:54:48,-33.7,-53.46,59.34,89,8,6.91
190,Eichenzell,DE,2020-11-08 23:55:16,50.49,9.7,42.01,97,100,1.74
191,Rio Grande,BR,2020-11-08 23:54:31,-32.03,-52.1,64.45,82,59,14.7
192,Barrow,US,2020-11-08 23:54:01,71.29,-156.79,15.8,85,90,20.8
193,Viedma,AR,2020-11-08 23:55:17,-40.81,-63.0,62.01,86,46,1.99
194,Luderitz,NA,2020-11-08 23:54:24,-26.65,15.16,59.99,76,0,20.94
195,Ahipara,NZ,2020-11-08 23:54:49,-35.17,173.17,60.04,78,62,14.2
196,Springside,GB,2020-11-08 23:55:17,55.62,-4.6,51.8,93,75,5.82
197,Paita,PE,2020-11-08 23:55:17,-5.09,-81.11,63.19,86,88,15.77
198,Natal,BR,2020-11-08 23:54:38,-5.79,-35.21,78.8,83,40,8.05
199,Yatou,CN,2020-11-08 23:55:17,37.15,122.38,45.05,55,0,7.38
200,Mildura,AU,2020-11-08 23:55:17,-34.2,142.15,84.0,30,87,17.22
201,Srednekolymsk,RU,2020-11-08 23:55:17,67.45,153.68,-5.13,91,93,5.61
202,Kavieng,PG,2020-11-08 23:53:59,-2.57,150.8,84.07,67,87,2.21
203,Nikolskoye,RU,2020-11-08 23:54:06,59.7,30.79,35.01,91,40,4.47
204,Marienburg,PL,2020-11-08 23:55:18,54.04,19.03,44.01,100,1,2.01
205,Qaqortoq,GL,2020-11-08 23:55:18,60.72,-46.03,32.0,95,100,1.12
206,Elat,IL,2020-11-08 23:55:18,29.56,34.95,69.8,73,0,1.5
207,Harper,LR,2020-11-08 23:54:29,4.38,-7.72,78.51,84,63,7.2
208,Port Hardy,CA,2020-11-08 23:55:18,50.7,-127.42,44.6,52,20,3.36
209,Belaya Gora,RU,2020-11-08 23:55:18,68.53,146.42,-10.86,91,94,1.97
210,Lavrentiya,RU,2020-11-08 23:54:03,65.58,-171.0,27.64,94,73,5.7
211,Nuuk,GL,2020-11-08 23:55:18,64.18,-51.72,15.8,56,69,19.46
212,Domoni,KM,2020-11-08 23:55:18,-12.26,44.53,77.85,82,87,6.29
213,Agadir,MA,2020-11-08 23:55:19,30.42,-9.6,57.2,93,0,4.7
214,Sola,VU,2020-11-08 23:55:01,-13.88,167.55,86.0,74,75,11.5
215,Carutapera,BR,2020-11-08 23:54:11,-1.2,-46.02,78.78,82,25,6.49
216,Saldanha,ZA,2020-11-08 23:54:01,-33.01,17.94,53.6,81,8,8.05
217,Finschhafen,PG,2020-11-08 23:55:19,-6.6,147.87,85.32,64,17,8.99
218,Dong Hoi,VN,2020-11-08 23:55:19,17.48,106.6,74.73,79,93,20.76
219,Kenai,US,2020-11-08 23:55:19,60.55,-151.26,35.6,100,90,6.93
220,Port Lincoln,AU,2020-11-08 23:54:21,-34.73,135.87,73.09,36,100,15.05
221,Sayyan,YE,2020-11-08 23:54:43,15.17,44.32,50.2,50,0,4.25
222,Tupik,RU,2020-11-08 23:55:19,54.43,119.93,1.38,88,1,1.66
223,Raudeberg,NO,2020-11-08 23:55:20,61.99,5.14,46.0,92,100,4.59
224,Mandera,KE,2020-11-08 23:55:20,3.94,41.87,80.31,69,90,6.17
225,Acapulco,MX,2020-11-08 23:54:34,16.86,-99.89,84.2,74,40,6.93
226,Talnakh,RU,2020-11-08 23:54:19,69.49,88.4,24.8,92,40,17.9
227,Poso,ID,2020-11-08 23:55:20,-1.4,120.75,87.01,56,78,4.07
228,Djambala,CG,2020-11-08 23:55:20,-2.54,14.75,66.78,100,100,4.43
229,Skalat,UA,2020-11-08 23:55:20,49.43,25.98,41.0,89,0,3.0
230,Ukiah,US,2020-11-08 23:55:20,39.15,-123.21,55.4,26,40,12.75
231,Ishinomaki,JP,2020-11-08 23:55:20,38.42,141.3,50.0,59,40,9.17
232,Bilibino,RU,2020-11-08 23:54:44,68.05,166.44,-1.98,89,100,1.63
233,Berlevag,NO,2020-11-08 23:55:21,70.86,29.09,33.93,89,94,10.2
234,Hovd,MN,2020-11-08 23:53:54,48.01,91.64,26.58,88,0,0.83
235,Faanui,PF,2020-11-08 23:54:01,-16.48,-151.75,79.0,79,43,15.59
236,San Cristobal,VE,2020-11-08 23:55:21,7.77,-72.22,68.5,91,75,0.87
237,Upernavik,GL,2020-11-08 23:54:12,72.79,-56.15,-4.97,77,0,10.31
238,Catio,GW,2020-11-08 23:55:21,11.28,-15.25,80.55,86,7,6.69
239,Great Bend,US,2020-11-08 23:55:21,38.36,-98.76,71.6,53,1,28.86
240,Itarema,BR,2020-11-08 23:55:14,-2.92,-39.92,81.21,77,13,17.16
241,Hobe Sound,US,2020-11-08 23:55:21,27.06,-80.14,77.0,88,90,27.51
242,Sarangani,PH,2020-11-08 23:55:21,5.4,125.46,83.35,76,100,12.64
243,Kontagora,NG,2020-11-08 23:55:22,10.4,5.47,72.95,35,73,2.89
244,Petropavlovsk-Kamchatskiy,RU,2020-11-08 23:55:22,53.05,158.65,21.2,73,24,8.95
245,Erdenet,MN,2020-11-08 23:54:22,49.03,104.08,27.37,90,0,3.74
246,Chicama,PE,2020-11-08 23:54:38,-7.84,-79.15,63.16,80,23,5.06
247,Bella Vista,US,2020-11-08 23:51:37,36.43,-94.23,69.8,73,90,11.41
248,Pauini,BR,2020-11-08 23:55:22,-7.71,-66.98,84.22,60,79,2.42
249,Kahului,US,2020-11-08 23:53:16,20.89,-156.47,89.6,46,20,20.8
250,Leningradskiy,RU,2020-11-08 23:54:49,69.38,178.42,19.81,95,100,5.1
251,Tiznit,MA,2020-11-08 23:54:42,29.58,-9.5,60.84,69,0,0.85
252,Kalmunai,LK,2020-11-08 23:54:48,7.42,81.82,80.19,82,94,6.87
253,Morros,BR,2020-11-08 23:55:23,-9.45,-46.3,77.83,69,55,5.03
254,Palu,ID,2020-11-08 23:53:53,-0.89,119.87,82.83,67,52,1.23
255,Husainabad,IN,2020-11-08 23:55:23,24.53,84.02,60.66,56,0,4.94
256,Chapais,CA,2020-11-08 23:51:52,49.78,-74.85,37.4,100,40,4.7
257,Hami,CN,2020-11-08 23:54:12,42.8,93.45,33.19,76,0,3.87
258,Yugorsk,RU,2020-11-08 23:55:23,61.31,63.33,29.28,98,100,5.64
259,Ratnagiri,IN,2020-11-08 23:55:23,16.98,73.3,75.52,54,0,10.51
260,Sangolqui,EC,2020-11-08 23:53:38,-0.33,-78.45,60.8,67,75,6.93
261,Port Augusta,AU,2020-11-08 23:55:23,-32.5,137.77,84.0,33,87,4.7
262,Koumac,NC,2020-11-08 23:55:23,-20.57,164.28,78.49,61,27,16.87
263,Soyo,AO,2020-11-08 23:55:24,-6.13,12.37,78.03,86,91,7.38
264,Ribeira Grande,PT,2020-11-08 23:53:57,38.52,-28.7,61.18,59,56,8.99
265,Salimpur,IN,2020-11-08 23:55:24,28.13,76.28,64.74,27,0,2.86
266,Necochea,AR,2020-11-08 23:54:20,-38.55,-58.74,59.63,83,68,12.5
267,Bethel,US,2020-11-08 23:53:17,41.37,-73.41,59.0,66,1,2.06
268,Myanaung,MM,2020-11-08 23:55:24,18.28,95.32,71.85,85,2,8.46
269,Calamar,CO,2020-11-08 23:55:24,10.25,-74.91,76.48,91,84,6.91
270,Trinidad,BO,2020-11-08 23:55:24,-14.83,-64.9,84.2,70,26,9.17
271,Florence,IT,2020-11-08 23:55:24,43.77,11.25,53.01,100,0,1.12
272,Aras,ES,2020-11-08 23:55:25,42.56,-2.36,53.01,87,0,2.24
273,Lahat,ID,2020-11-08 23:53:51,-3.8,103.53,75.83,85,97,1.66
274,Egvekinot,RU,2020-11-08 23:54:31,66.32,-179.17,17.74,95,69,7.34
275,Coahuayana,MX,2020-11-08 23:55:25,18.73,-103.68,84.2,48,5,5.82
276,Namatanai,PG,2020-11-08 23:54:48,-3.67,152.43,84.49,70,76,0.49
277,Rabat,MA,2020-11-08 23:52:23,33.99,-6.84,60.01,100,40,1.5
278,Padang,ID,2020-11-08 23:54:00,-0.95,100.35,78.35,74,97,3.62
279,Ngunguru,NZ,2020-11-08 23:55:25,-35.62,174.5,64.0,72,16,10.0
280,Moose Factory,CA,2020-11-08 23:54:49,51.26,-80.61,37.4,93,90,2.24
281,Torbay,CA,2020-11-08 23:54:08,47.67,-52.73,37.0,51,90,12.75
282,Waw,SS,2020-11-08 23:54:40,7.7,28.0,75.24,53,0,1.95
283,Ucluelet,CA,2020-11-08 23:55:25,48.93,-125.55,48.99,49,20,5.82
284,Astana,KZ,2020-11-08 23:55:26,51.18,71.45,33.8,80,90,20.13
285,Gizo,SB,2020-11-08 23:55:26,-8.1,156.84,84.52,70,31,3.62
286,Adrar,MR,2020-11-08 23:55:26,20.5,-10.07,81.46,15,44,7.14
287,Zapotiltic,MX,2020-11-08 23:55:26,19.62,-103.43,84.2,48,5,5.82
288,Mtambile,TZ,2020-11-08 23:55:26,-5.38,39.7,78.84,83,47,9.28
289,Arlit,NE,2020-11-08 23:54:41,18.74,7.39,71.35,29,0,10.2
290,Fort Smith,US,2020-11-08 23:53:15,35.39,-94.4,73.4,69,90,11.41
291,Chara,RU,2020-11-08 23:55:26,56.91,118.26,-2.15,82,79,0.54
292,Poyarkovo,RU,2020-11-08 23:55:26,49.6,128.68,9.45,88,0,11.52
293,Kuytun,RU,2020-11-08 23:55:27,54.34,101.5,27.46,96,25,6.73
294,California City,US,2020-11-08 23:55:27,35.13,-117.99,48.2,56,1,14.99
295,Razole,IN,2020-11-08 23:55:27,16.48,81.83,67.86,83,0,3.96
296,Sobolevo,RU,2020-11-08 23:55:27,54.43,31.9,38.08,87,13,6.22
297,Kununurra,AU,2020-11-08 23:54:24,-15.77,128.73,89.6,55,40,5.82
298,Taoudenni,ML,2020-11-08 23:54:04,22.68,-3.98,79.86,16,72,9.1
299,Banepa,NP,2020-11-08 23:55:27,27.63,85.52,50.0,93,20,2.24
300,Kalmar,SE,2020-11-08 23:55:27,56.66,16.36,48.99,100,2,2.24
301,Shimabara,JP,2020-11-08 23:55:28,32.78,130.37,55.4,66,20,2.24
302,Atar,MR,2020-11-08 23:53:55,20.52,-13.05,84.92,15,68,5.82
303,Singkang,MY,2020-11-08 23:55:28,2.1,102.8,75.2,94,20,2.24
304,Novo Aripuana,BR,2020-11-08 23:55:28,-5.12,-60.38,75.15,97,92,4.25
305,Mana,GF,2020-11-08 23:55:28,5.66,-53.78,79.5,83,12,12.17
306,Hudson Bay,CA,2020-11-08 23:55:28,52.85,-102.38,17.42,96,100,17.63
307,Yaring,TH,2020-11-08 23:55:28,6.87,101.37,77.85,85,100,3.65
308,Turangi,NZ,2020-11-08 23:55:28,-39.0,175.93,62.01,64,100,5.99
309,Launceston,AU,2020-11-08 23:50:37,-41.45,147.17,69.01,55,0,10.29
310,Vestmannaeyjar,IS,2020-11-08 23:55:29,63.44,-20.27,44.53,81,97,25.57
311,Ilulissat,GL,2020-11-08 23:54:20,69.22,-51.1,15.8,56,100,19.46
312,Osinovo,RU,2020-11-08 23:55:29,55.88,48.88,33.8,74,0,8.95
313,Mahabad,IR,2020-11-08 23:55:29,36.76,45.72,47.93,57,54,1.97
314,Saint-Augustin,CA,2020-11-08 23:54:50,51.23,-58.65,28.33,77,55,8.88
315,Vardo,NO,2020-11-08 23:54:28,70.37,31.11,30.2,80,40,9.17
316,Yibin,CN,2020-11-08 23:55:29,28.77,104.62,61.59,74,26,0.92
317,Jiuquan,CN,2020-11-08 23:55:29,39.74,98.52,32.72,62,0,5.44
318,Amudat,UG,2020-11-08 23:55:30,1.95,34.95,70.95,72,66,5.32
319,Imamoglu,TR,2020-11-08 23:55:30,37.27,35.66,60.8,66,0,3.36
320,Le Mars,US,2020-11-08 23:55:30,42.79,-96.17,72.0,56,90,19.46
321,Verkhnyaya Sinyachikha,RU,2020-11-08 23:55:30,57.98,61.67,32.41,94,97,12.55
322,Arraias,BR,2020-11-08 23:55:30,-12.93,-46.94,75.76,63,57,3.76
323,Novodolinskiy,KZ,2020-11-08 23:55:30,49.7,72.7,32.0,94,75,24.61
324,Nouadhibou,MR,2020-11-08 23:51:44,20.93,-17.03,73.4,56,0,19.46
325,Isla Mujeres,MX,2020-11-08 23:55:30,21.23,-86.73,77.0,88,75,11.41
326,Russell,US,2020-11-08 23:55:30,32.35,-85.2,73.4,73,40,6.93
327,Gostyn,PL,2020-11-08 23:55:30,51.88,17.01,44.01,98,0,1.01
328,Marabba,SD,2020-11-08 23:55:31,12.35,32.18,77.86,19,0,10.92
329,Vila Do Maio,CV,2020-11-08 23:55:31,15.13,-23.22,78.8,69,0,16.11
330,Nagato,JP,2020-11-08 23:54:47,34.38,131.2,57.2,50,20,6.93
331,Mount Isa,AU,2020-11-08 23:54:21,-20.73,139.5,95.0,10,0,6.93
332,Elk City,US,2020-11-08 23:55:31,35.41,-99.4,69.8,60,75,19.46
333,Najran,SA,2020-11-08 23:55:31,17.49,44.13,64.4,34,0,2.21
334,Gore,NZ,2020-11-08 23:55:31,-46.1,168.94,55.99,75,99,8.99
335,Gamba,GA,2020-11-08 23:55:31,-2.65,10.0,76.3,88,100,6.31
336,Lokosovo,RU,2020-11-08 23:55:21,61.13,74.82,30.07,98,100,11.63
337,Geraldton,AU,2020-11-08 23:53:56,-28.77,114.6,69.8,60,90,16.11
338,Olinda,BR,2020-11-08 23:55:18,-8.01,-34.86,77.0,88,75,14.99
339,Surt,LY,2020-11-08 23:55:32,31.21,16.59,68.95,63,61,7.58
340,Deputatskiy,RU,2020-11-08 23:54:35,69.3,139.9,-16.33,90,81,3.0
341,Potosi,BO,2020-11-08 23:55:32,-19.58,-65.75,45.1,67,85,6.31
342,Sergeyevka,KZ,2020-11-08 23:55:32,53.88,67.42,35.04,94,97,24.83
343,Onega,RU,2020-11-08 23:55:32,63.91,38.14,34.59,86,99,17.02
344,Coquimbo,CL,2020-11-08 23:51:51,-29.95,-71.34,57.2,82,20,11.41
345,Lewiston,US,2020-11-08 23:55:33,44.1,-70.21,51.8,81,1,4.7
346,Gazojak,TM,2020-11-08 23:55:33,41.19,61.4,37.4,79,7,1.7
347,Mayahi,NE,2020-11-08 23:55:33,13.96,7.67,74.12,24,0,11.07
348,Bathsheba,BB,2020-11-08 23:54:35,13.22,-59.52,78.8,88,75,17.22
349,Sol-Iletsk,RU,2020-11-08 23:55:33,51.16,54.99,42.73,86,100,15.01
350,Port Hedland,AU,2020-11-08 23:54:03,-20.32,118.57,82.4,48,0,10.29
351,Maralal,KE,2020-11-08 23:55:33,1.1,36.7,59.16,93,48,5.75
352,Shimoda,JP,2020-11-08 23:55:33,34.67,138.95,60.8,59,75,10.29
353,Kloulklubed,PW,2020-11-08 23:55:33,7.04,134.26,80.6,88,90,19.39
354,Kalevala,RU,2020-11-08 23:55:34,65.2,31.17,32.22,92,14,10.38
355,Mersing,MY,2020-11-08 23:55:34,2.43,103.84,75.2,100,99,3.36
356,Saint-Pierre,RE,2020-11-08 23:55:34,-21.34,55.48,69.8,73,0,1.12
357,Constitucion,CL,2020-11-08 23:54:03,-35.33,-72.42,56.71,72,64,11.01
358,Veinticinco De Mayo,AR,2020-11-08 23:55:34,-35.43,-60.17,71.01,53,43,4.0
359,Lima,PE,2020-11-08 23:50:53,-12.04,-77.03,64.4,77,20,14.99
360,Kangaatsiaq,GL,2020-11-08 23:54:05,68.31,-53.46,17.62,87,74,13.71
361,Greece,US,2020-11-08 23:52:23,43.21,-77.69,57.99,62,1,6.93
362,Bilma,NE,2020-11-08 23:55:34,18.69,12.92,68.85,36,0,15.9
363,Tabou,CI,2020-11-08 23:55:34,4.42,-7.35,78.62,84,57,7.76
364,Champerico,GT,2020-11-08 23:54:18,14.3,-91.92,75.2,94,90,6.46
365,Tarakan,ID,2020-11-08 23:55:35,3.3,117.63,80.44,79,100,8.03
366,Byron Bay,AU,2020-11-08 23:55:35,-28.65,153.62,68.0,64,90,14.99
367,Nyurba,RU,2020-11-08 23:55:35,63.28,118.33,-1.17,90,39,4.97
368,Darhan,MN,2020-11-08 23:55:35,49.49,105.92,28.71,89,0,6.91
369,Pskov,RU,2020-11-08 23:55:35,57.81,28.35,32.0,88,0,6.71
370,Vila,PT,2020-11-08 23:54:24,42.03,-8.16,53.01,93,54,4.74
371,Gilgit,PK,2020-11-08 23:55:35,35.92,74.31,51.71,32,100,2.51
372,Ostrovnoy,RU,2020-11-08 23:54:08,68.05,39.51,31.64,98,100,28.21
373,Ponta Delgada,PT,2020-11-08 23:54:31,37.73,-25.67,59.0,82,40,2.24
374,Jian,CN,2020-11-08 23:55:36,27.12,114.98,55.92,53,0,7.43
375,Kalispell,US,2020-11-08 23:55:36,48.2,-114.31,23.0,73,90,8.05
376,Hamilton,US,2020-11-08 23:53:56,39.18,-84.53,66.99,59,1,3.36
377,Yerbogachen,RU,2020-11-08 23:55:36,61.28,108.01,32.58,96,100,7.85
378,Meadow Lake,US,2020-11-08 23:55:36,34.8,-106.54,64.4,18,20,26.4
379,Mumford,GH,2020-11-08 23:55:36,5.26,-0.76,79.2,85,32,9.26
380,Castrillon,ES,2020-11-08 23:55:36,43.4,-6.79,55.4,82,20,3.36
381,Maple Creek,CA,2020-11-08 23:55:36,49.92,-109.48,17.6,85,100,21.92
382,Quibor,VE,2020-11-08 23:55:36,9.93,-69.62,64.4,100,58,2.24
383,Kimbe,PG,2020-11-08 23:55:37,-5.55,150.14,88.48,59,14,2.39
384,Bengkulu,ID,2020-11-08 23:53:52,-3.8,102.27,76.17,91,99,2.44
385,Jalu,LY,2020-11-08 23:54:05,29.03,21.55,59.86,71,38,9.78
386,Beringovskiy,RU,2020-11-08 23:54:50,63.05,179.32,19.42,91,11,8.52
387,Inongo,CD,2020-11-08 23:55:37,-1.95,18.27,71.76,91,67,4.56
388,Grindavik,IS,2020-11-08 23:54:26,63.84,-22.43,41.0,86,75,19.46
389,Florianopolis,BR,2020-11-08 23:55:26,-27.61,-48.5,71.6,83,75,4.7
390,Port Blair,IN,2020-11-08 23:54:10,11.67,92.75,81.09,81,87,10.22
391,Huarmey,PE,2020-11-08 23:53:52,-10.07,-78.15,62.67,83,2,6.46
392,Fortuna,US,2020-11-08 23:54:17,40.6,-124.16,51.01,51,1,18.34
393,The Hammocks,US,2020-11-08 23:55:37,25.67,-80.44,75.99,100,90,27.51
394,Cooma,AU,2020-11-08 23:55:38,-36.23,149.13,57.2,76,35,8.05
395,Tucuman,AR,2020-11-08 23:55:38,-26.82,-65.22,69.8,64,53,5.82
396,Ambilobe,MG,2020-11-08 23:54:49,-13.2,49.05,74.07,78,100,5.73
397,Bethanien,NA,2020-11-08 23:55:38,-26.5,17.16,53.11,75,0,10.74
398,Santa Lucia,ES,2020-11-08 23:55:38,27.91,-15.54,68.0,68,40,8.05
399,Bonavista,CA,2020-11-08 23:54:58,48.65,-53.11,36.0,68,98,4.7
400,Mayo,US,2020-11-08 23:54:26,38.89,-76.51,60.8,93,1,2.44
401,Bud,US,2020-11-08 23:55:38,39.45,-86.18,69.8,52,1,3.36
402,Ejea De Los Caballeros,ES,2020-11-08 23:55:38,42.13,-1.14,50.0,93,16,12.75
403,Ous,RU,2020-11-08 23:55:38,60.91,61.52,28.99,98,100,6.08
404,Chumikan,RU,2020-11-08 23:55:39,54.72,135.31,6.04,86,80,12.28
405,Lieksa,FI,2020-11-08 23:55:39,63.32,30.02,35.87,83,26,12.75
406,Tura,IN,2020-11-08 23:53:56,25.52,90.22,63.57,79,0,3.71
407,Salvador,SV,2020-11-08 23:55:39,13.83,-88.92,78.8,94,20,3.36
408,Morehead,US,2020-11-08 23:54:31,37.27,-87.18,77.0,56,1,5.73
409,Tukrah,LY,2020-11-08 23:55:12,32.53,20.58,64.92,68,37,9.62
410,Davila,PH,2020-11-08 23:55:39,18.47,120.58,78.8,88,90,6.93
411,Tecoanapa,MX,2020-11-08 23:55:39,16.52,-98.75,81.79,76,41,6.24
412,Korla,CN,2020-11-08 23:55:39,41.76,86.15,34.57,72,4,1.72
413,Turayf,SA,2020-11-08 23:55:39,31.67,38.66,57.2,71,0,16.11
414,Khanpur,PK,2020-11-08 23:55:40,28.65,70.66,64.54,29,0,3.91
415,Mnogovershinnyy,RU,2020-11-08 23:55:40,53.94,139.92,14.47,96,100,10.58
416,Los Llanos De Aridane,ES,2020-11-08 23:54:16,28.66,-17.92,66.2,68,0,6.93
417,La Joya,MX,2020-11-08 23:55:40,18.67,-99.47,82.4,37,20,2.24
418,Batemans Bay,AU,2020-11-08 23:55:40,-35.72,150.18,64.99,63,11,3.0
419,Roma,US,2020-11-08 23:54:42,43.21,-75.46,55.99,66,1,1.86
420,Camana,PE,2020-11-08 23:55:40,-16.62,-72.71,64.4,75,27,6.22
421,Flinders,AU,2020-11-08 23:55:40,-34.58,150.86,69.01,60,70,3.0
422,Dhidhdhoo,MV,2020-11-08 23:54:25,6.88,73.1,82.99,75,49,9.19
423,Behbahan,IR,2020-11-08 23:55:41,30.6,50.24,60.8,51,0,3.06
424,Srandakan,ID,2020-11-08 23:55:41,-7.94,110.25,81.14,77,86,6.2
425,Buraydah,SA,2020-11-08 23:55:41,26.33,43.98,73.4,53,40,16.11
426,Meulaboh,ID,2020-11-08 23:55:41,4.14,96.13,76.59,86,98,2.86
427,Coihaique,CL,2020-11-08 23:53:55,-45.58,-72.07,68.0,40,0,5.82
428,Mattawa,US,2020-11-08 23:55:41,46.74,-119.9,44.6,52,75,11.41
429,Pinheiro Machado,BR,2020-11-08 23:55:41,-31.58,-53.38,62.01,91,82,17.0
430,Comodoro Rivadavia,AR,2020-11-08 23:54:15,-45.87,-67.5,69.8,43,20,6.93
431,Farmington,US,2020-11-08 23:53:37,36.73,-108.22,51.8,29,1,17.22
432,Umm Kaddadah,SD,2020-11-08 23:55:41,13.6,26.69,72.66,25,0,14.14
433,Belyy Yar,RU,2020-11-08 23:55:42,53.6,91.39,23.0,100,79,2.24
434,Hofn,IS,2020-11-08 23:55:42,64.25,-15.21,39.83,74,98,12.59
435,Ulladulla,AU,2020-11-08 23:54:27,-35.35,150.47,64.99,55,75,6.93
436,Menongue,AO,2020-11-08 23:54:30,-14.66,17.69,64.51,76,89,2.64
437,Ennis,IE,2020-11-08 23:55:42,52.84,-8.99,55.4,93,75,11.41
438,Jucuaran,SV,2020-11-08 23:55:42,13.25,-88.25,68.32,100,93,3.18
439,West Wendover,US,2020-11-08 23:55:42,40.74,-114.07,39.2,38,40,11.41
440,Maarianhamina,AX,2020-11-08 23:55:42,60.1,19.93,46.4,70,90,8.05
441,Nanortalik,GL,2020-11-08 23:53:45,60.14,-45.24,30.88,94,100,14.94
442,Olafsvik,IS,2020-11-08 23:55:42,64.89,-23.71,41.63,77,99,19.51
443,Yeppoon,AU,2020-11-08 23:55:39,-23.13,150.73,78.8,47,40,12.75
444,Roald,NO,2020-11-08 23:54:43,62.58,6.13,44.6,100,89,3.36
445,Jussara,BR,2020-11-08 23:55:43,-23.62,-52.47,87.8,35,20,2.24
446,Campbellsville,US,2020-11-08 23:55:43,37.34,-85.34,69.8,49,1,4.7
447,Morondava,MG,2020-11-08 23:54:33,-20.28,44.28,79.88,81,22,7.85
448,Alyangula,AU,2020-11-08 23:55:43,-13.85,136.42,87.8,66,75,6.93
449,Rapid Valley,US,2020-11-08 23:55:43,44.06,-103.15,39.2,69,1,19.46
450,Kota Tinggi,MY,2020-11-08 23:55:43,1.74,103.9,77.0,94,20,1.12
451,Salinas,US,2020-11-08 23:54:39,36.68,-121.66,55.4,54,40,19.46
452,Berbera,SO,2020-11-08 23:55:43,10.44,45.01,78.58,74,14,2.26
453,Nesna,NO,2020-11-08 23:55:44,66.2,13.02,42.01,93,100,3.0
454,Umm Lajj,SA,2020-11-08 23:53:57,25.02,37.27,74.77,56,0,7.07
455,Ikwiriri,TZ,2020-11-08 23:55:44,-7.96,38.97,73.26,92,20,2.35
456,Xuzhou,CN,2020-11-08 23:55:44,34.18,117.16,49.5,49,35,5.14
457,Urucara,BR,2020-11-08 23:55:44,-2.54,-57.76,76.12,94,100,1.45
458,Vestmanna,FO,2020-11-08 23:55:44,62.16,-7.17,46.4,93,100,18.34
459,Otradnoye,RU,2020-11-08 23:55:44,59.78,30.82,35.01,91,40,4.47
460,Ambon,ID,2020-11-08 23:55:44,-3.7,128.18,84.2,74,20,3.36
461,Ambanja,MG,2020-11-08 23:55:44,-13.68,48.45,75.33,87,99,2.48
462,Sangueya,GN,2020-11-08 23:55:45,10.7,-14.37,76.37,94,0,2.89
463,Jablanica,BA,2020-11-08 23:55:45,43.66,17.76,39.2,93,0,1.12
464,At-Bashi,KG,2020-11-08 23:55:45,41.17,75.81,35.89,54,56,2.8
465,Iberia,US,2020-11-08 23:55:45,29.95,-91.75,75.2,88,90,8.05
466,Loudeac,FR,2020-11-08 23:55:45,48.18,-2.75,57.99,90,81,3.0
467,Dawlatabad,AF,2020-11-08 23:55:45,36.41,64.91,49.19,74,100,5.44
468,Waitati,NZ,2020-11-08 23:55:45,-45.75,170.57,55.0,78,98,8.99
469,Inhambane,MZ,2020-11-08 23:54:05,-23.86,35.38,76.66,92,4,9.66
470,Waipawa,NZ,2020-11-08 23:55:46,-41.41,175.52,55.0,66,98,26.4
471,Shalakusha,RU,2020-11-08 23:55:46,62.22,40.25,31.28,94,92,10.63
472,Balabac,PH,2020-11-08 23:55:46,7.99,117.06,82.13,75,55,6.78
473,Kankon,IN,2020-11-08 23:55:46,15.02,74.02,78.8,74,0,4.7
474,Wad Rawah,SD,2020-11-08 23:55:46,15.16,33.14,72.0,26,0,12.33
475,Nishihara,JP,2020-11-08 23:55:46,26.18,127.76,73.4,77,75,11.41
476,Dibulla,CO,2020-11-08 23:55:46,11.27,-73.31,77.95,84,97,4.07
477,Nizhnyaya Salda,RU,2020-11-08 23:55:46,58.08,60.72,32.23,95,85,12.62
478,Dakoro,NE,2020-11-08 23:55:46,14.51,6.76,73.63,25,0,10.04
479,Kulhudhuffushi,MV,2020-11-08 23:54:51,6.62,73.07,82.85,76,69,10.8
480,Xinqing,CN,2020-11-08 23:55:47,48.23,129.5,10.71,86,0,8.28
481,Koslan,RU,2020-11-08 23:55:47,63.46,48.9,31.93,97,93,10.11
482,Opuwo,NA,2020-11-08 23:55:47,-18.06,13.84,65.14,49,4,3.89
483,Arys,KZ,2020-11-08 23:55:47,42.43,68.8,41.0,86,90,11.18
484,Kodiak,US,2020-11-08 23:55:47,57.79,-152.41,46.4,49,20,20.8
485,Uglegorskiy,RU,2020-11-08 23:55:47,48.24,41.25,47.3,97,13,5.82
486,Naze,JP,2020-11-08 23:54:25,28.37,129.48,69.8,60,75,13.87
487,Dubrovka,RU,2020-11-08 23:55:47,53.69,33.51,40.8,95,25,6.96
488,Sabzevar,IR,2020-11-08 23:55:47,36.21,57.68,50.25,62,80,8.79
489,Cobija,BO,2020-11-08 23:55:47,-11.03,-68.77,81.41,61,65,2.66
490,Paso De Los Toros,UY,2020-11-08 23:55:48,-32.82,-56.52,65.12,74,99,11.43
491,Kaeo,NZ,2020-11-08 23:55:48,-35.1,173.78,64.0,72,34,10.0
492,Seoul,KR,2020-11-08 23:50:37,37.57,126.98,37.4,40,1,8.37
493,Narsaq,GL,2020-11-08 23:54:21,60.92,-46.05,32.0,95,100,1.12
494,Mpanda,TZ,2020-11-08 23:55:48,-6.37,31.04,69.33,74,89,3.6
495,Komsomolskiy,UZ,2020-11-08 23:54:23,40.43,71.72,51.8,57,90,16.11
496,Diego De Almagro,CL,2020-11-08 23:51:28,-26.37,-70.05,57.96,53,0,1.97
497,Nampula,MZ,2020-11-08 23:55:48,-15.12,39.27,75.2,78,0,9.17
498,Codrington,AU,2020-11-08 23:54:49,-38.27,141.97,71.98,68,60,8.61
499,Diffa,NE,2020-11-08 23:55:49,13.32,12.61,72.84,29,53,8.12
500,Santa Maria Del Oro,MX,2020-11-08 23:55:49,25.93,-105.37,70.84,36,0,11.41
501,Xichang,CN,2020-11-08 23:55:49,27.9,102.26,53.78,76,98,2.66
502,Laguna,US,2020-11-08 23:53:55,38.42,-121.42,60.01,18,1,13.87
503,Birao,CF,2020-11-08 23:54:45,10.28,22.79,74.68,35,75,4.41
504,San Quintin,MX,2020-11-08 23:55:49,30.48,-115.95,62.82,63,57,18.66
505,Volchansk,RU,2020-11-08 23:55:49,59.94,60.08,28.13,98,100,4.65
506,Tabas,IR,2020-11-08 23:54:02,33.6,56.92,60.8,36,77,4.7
507,Carlsbad,US,2020-11-08 23:55:49,33.16,-117.35,59.0,69,63,5.01
508,Verkhoyansk,RU,2020-11-08 23:55:50,67.54,133.38,-28.14,83,21,1.66
509,Mount Gambier,AU,2020-11-08 23:54:01,-37.83,140.77,73.4,46,84,13.87
510,Teguldet,RU,2020-11-08 23:55:50,57.31,88.17,41.52,73,100,13.65
511,Broken Hill,AU,2020-11-08 23:53:53,-31.95,141.43,80.6,28,53,16.11
512,Mineral Wells,US,2020-11-08 23:55:50,32.81,-98.11,71.6,68,20,11.41
513,Gumdag,TM,2020-11-08 23:55:50,39.21,54.59,49.53,66,0,1.97
514,Dalvik,IS,2020-11-08 23:55:50,65.97,-18.53,30.2,80,0,5.82
515,Elko,US,2020-11-08 23:54:11,41.0,-115.5,35.01,59,75,6.93
516,North Bay,CA,2020-11-08 23:55:50,46.32,-79.47,53.6,81,5,9.17
517,Takoradi,GH,2020-11-08 23:54:47,4.88,-1.76,78.44,86,79,8.01
518,Omboue,GA,2020-11-08 23:55:51,-1.57,9.26,75.74,92,100,6.33
519,Muswellbrook,AU,2020-11-08 23:55:51,-32.27,150.9,72.0,38,5,5.99
520,Auki,SB,2020-11-08 23:55:51,-8.77,160.7,86.61,65,32,3.87
521,Port Macquarie,AU,2020-11-08 23:54:09,-31.43,152.92,71.01,54,80,1.99
522,Wagar,SD,2020-11-08 23:55:51,16.15,36.2,77.0,67,5,7.05
523,Norfolk,US,2020-11-08 23:55:51,42.17,-71.25,59.0,71,1,2.57
524,Santo Antonio Do Taua,BR,2020-11-08 23:53:54,-1.15,-48.13,82.4,69,40,11.41
525,Nome,US,2020-11-08 23:55:51,64.5,-165.41,30.99,85,0,4.0
526,Alofi,NU,2020-11-08 23:54:42,-19.06,-169.92,80.6,74,75,9.17
527,Makakilo City,US,2020-11-08 23:53:34,21.35,-158.09,89.6,46,75,8.05
528,Manokwari,ID,2020-11-08 23:52:11,-0.87,134.08,84.11,72,81,9.22
529,Kristiansund,NO,2020-11-08 23:54:00,63.11,7.73,44.6,87,100,6.93
530,Auxerre,FR,2020-11-08 23:55:52,47.8,3.57,48.99,93,0,1.12
531,Maridi,SS,2020-11-08 23:55:52,4.92,29.47,69.17,89,100,2.1
532,Twin Falls,US,2020-11-08 23:55:52,42.35,-114.64,32.0,86,75,11.41
533,Buturlino,RU,2020-11-08 23:55:52,55.57,44.9,34.21,94,0,4.07
534,Mount Darwin,ZW,2020-11-08 23:55:52,-16.77,31.58,77.67,25,82,4.81
535,Ardakan,IR,2020-11-08 23:55:53,32.31,54.02,57.2,44,0,6.93
536,Bauchi,NG,2020-11-08 23:55:53,10.5,10.0,71.33,32,21,4.32
537,Cairns,AU,2020-11-08 23:53:10,-16.92,145.77,80.01,69,90,11.41
538,Ribeira Do Pombal,BR,2020-11-08 23:55:53,-10.83,-38.54,71.58,79,6,6.62
539,Minab,IR,2020-11-08 23:55:53,27.15,57.08,71.6,83,0,6.93
540,Bayan,CN,2020-11-08 23:55:53,46.08,127.4,21.51,82,17,7.74
541,Khandyga,RU,2020-11-08 23:55:53,62.67,135.6,-15.27,88,24,1.74
542,Abu Samrah,SY,2020-11-08 23:55:53,35.3,37.18,61.02,56,41,5.84
543,Lao Cai,VN,2020-11-08 23:55:53,22.48,103.95,67.01,69,90,1.54
544,Raymond,US,2020-11-08 23:55:53,43.9,-70.47,48.99,87,1,3.24
545,Senneterre,CA,2020-11-08 23:55:54,48.38,-77.23,55.4,66,20,9.17
546,Slavutych,UA,2020-11-08 23:55:54,51.52,30.73,45.14,78,100,4.63
547,Bowen,AU,2020-11-08 23:55:54,-20.02,148.23,73.4,83,90,8.05
548,Maragogi,BR,2020-11-08 23:54:32,-9.01,-35.22,77.04,86,66,9.28
549,Mehamn,NO,2020-11-08 23:54:33,71.04,27.85,34.29,88,98,7.43
550,Bundaberg,AU,2020-11-08 23:55:54,-24.85,152.35,78.01,47,75,18.34
551,Wajima,JP,2020-11-08 23:55:54,37.4,136.9,42.8,93,75,2.24
552,Arman,RU,2020-11-08 23:55:54,59.7,150.17,7.97,86,94,14.56
553,Almaznyy,RU,2020-11-08 23:55:55,48.04,40.05,46.4,93,20,8.95
554,Manta,EC,2020-11-08 23:55:55,-0.95,-80.73,75.2,78,75,10.29
555,Mandalgovi,MN,2020-11-08 23:54:15,45.76,106.27,25.77,87,0,4.74
556,Lasa,IT,2020-11-08 23:55:55,46.62,10.7,37.4,86,5,1.57
557,Klaksvik,FO,2020-11-08 23:54:41,62.23,-6.59,46.4,93,100,18.34
558,Chichimila,MX,2020-11-08 23:55:55,20.62,-88.22,75.51,83,39,4.76
559,Totskoye,RU,2020-11-08 23:55:55,52.52,52.76,41.97,83,100,12.44
560,Hakkari,TR,2020-11-08 23:55:55,37.58,44.17,38.68,72,7,2.48
561,Ulaangom,MN,2020-11-08 23:55:55,49.98,92.07,22.8,93,0,2.73
562,Alim,PH,2020-11-08 23:55:55,9.56,122.49,81.09,72,31,2.28
563,Onoda,JP,2020-11-08 23:55:56,34.0,131.18,57.2,50,20,6.93
564,Uruzgan,AF,2020-11-08 23:55:56,32.83,66.0,39.96,57,63,3.18
565,Buchanan,LR,2020-11-08 23:54:48,5.88,-10.05,78.8,94,75,4.18
566,Mlonggo,ID,2020-11-08 23:54:48,-6.53,110.7,78.8,88,20,4.7
567,Tyrma,RU,2020-11-08 23:55:56,50.08,132.17,12.42,88,52,4.63
568,Aksu,CN,2020-11-08 23:55:56,41.12,80.26,38.89,60,94,1.14
569,Baghdad,IQ,2020-11-08 23:55:04,33.34,44.4,68.0,60,0,2.24
570,Rabo De Peixe,PT,2020-11-08 23:55:57,37.8,-25.58,59.0,82,40,2.24
571,Ust-Kuyga,RU,2020-11-08 23:54:13,70.02,135.6,-25.56,84,99,7.27
572,San Patricio,US,2020-11-08 23:55:57,28.02,-97.52,78.8,74,40,16.11
573,Soubre,CI,2020-11-08 23:55:57,5.79,-6.61,73.06,96,91,2.64
574,Southbridge,US,2020-11-08 23:55:57,42.08,-72.03,57.99,53,0,1.23
575,Kandrian,PG,2020-11-08 23:54:17,-6.22,149.55,83.86,72,18,4.09
576,Sakaiminato,JP,2020-11-08 23:55:57,35.55,133.23,53.6,81,75,8.05
577,Leiyang,CN,2020-11-08 23:55:57,26.4,112.86,56.3,64,0,3.09
578,Katobu,ID,2020-11-08 23:55:57,-4.94,122.53,86.52,58,76,1.14
579,Zhigansk,RU,2020-11-08 23:55:58,66.77,123.37,-15.97,89,41,6.53
580,Bunia,CD,2020-11-08 23:55:58,1.57,30.25,60.8,88,52,1.66
581,Bulgan,MN,2020-11-08 23:55:58,48.81,103.53,29.8,88,0,2.89
