City_ID,City,Country,Date,Lat,Lng,Max Temp,Humidity,Cloudiness,Wind Speed,Weather Description
0,New Norfolk,AU,2020-11-09 04:10:46,-42.78,147.06,78.01,28,37,3.0,scattered clouds
1,Dikson,RU,2020-11-09 04:10:46,73.51,80.55,-1.41,91,95,14.65,overcast clouds
2,Palmer,US,2020-11-09 04:10:46,42.16,-72.33,48.0,100,1,0.6,clear sky
3,Rikitea,PF,2020-11-09 04:10:46,-23.12,-134.97,73.09,78,89,15.66,light rain
4,Arraial Do Cabo,BR,2020-11-09 04:10:46,-22.97,-42.03,73.9,93,70,8.12,broken clouds
5,Hobart,AU,2020-11-09 04:07:22,-42.88,147.33,79.0,33,0,9.17,clear sky
6,Bredasdorp,ZA,2020-11-09 04:10:47,-34.53,20.04,50.0,71,54,6.93,broken clouds
7,Alekseyevka,RU,2020-11-09 04:10:47,50.63,38.69,46.45,81,100,8.37,overcast clouds
8,Saldanha,ZA,2020-11-09 04:18:12,-33.01,17.94,48.2,87,0,4.7,clear sky
9,Tuktoyaktuk,CA,2020-11-09 04:18:12,69.45,-133.04,10.4,85,75,20.8,light snow
10,Roma,US,2020-11-09 04:18:13,43.21,-75.46,46.0,81,1,3.36,clear sky
11,Port Elizabeth,ZA,2020-11-09 04:18:13,-33.92,25.57,57.2,93,40,13.87,scattered clouds
12,Mataura,NZ,2020-11-09 04:13:38,-46.19,168.86,55.99,71,95,8.01,overcast clouds
13,Omboue,GA,2020-11-09 04:18:13,-1.57,9.26,74.88,95,100,7.47,moderate rain
14,Yellowknife,CA,2020-11-09 04:13:14,62.46,-114.35,28.4,79,75,14.99,broken clouds
15,Periyanayakkanpalaiyam,IN,2020-11-09 04:18:13,11.15,76.93,78.8,74,40,6.93,mist
16,Cape Town,ZA,2020-11-09 04:18:13,-33.93,18.42,52.0,76,20,2.24,few clouds
17,Bluff,NZ,2020-11-09 04:18:13,-46.6,168.33,55.99,71,77,10.0,broken clouds
18,Richards Bay,ZA,2020-11-09 04:18:13,-28.78,32.04,73.44,86,90,7.52,overcast clouds
19,Ushuaia,AR,2020-11-09 04:18:14,-54.8,-68.3,41.0,65,75,32.21,light intensity drizzle
20,Bhanpura,IN,2020-11-09 04:18:14,24.51,75.75,75.27,24,0,2.62,clear sky
21,Srednekolymsk,RU,2020-11-09 04:18:14,67.45,153.68,-6.05,91,99,4.38,overcast clouds
22,Luderitz,NA,2020-11-09 04:18:14,-26.65,15.16,57.97,76,0,24.85,clear sky
23,Adrar,MR,2020-11-09 04:16:59,20.5,-10.07,77.54,18,16,6.6,few clouds
24,Ust-Kuyga,RU,2020-11-09 04:18:14,70.02,135.6,-24.99,84,95,7.18,overcast clouds
25,Ekibastuz,KZ,2020-11-09 04:10:49,51.67,75.37,38.14,73,56,30.4,broken clouds
26,Derzhavinsk,KZ,2020-11-09 04:10:49,51.1,66.32,34.32,95,100,28.5,overcast clouds
27,Severo-Yeniseyskiy,RU,2020-11-09 04:10:49,60.37,93.04,35.1,92,100,18.34,overcast clouds
28,Zaoyang,CN,2020-11-09 04:07:06,32.13,112.75,66.94,30,83,1.3,broken clouds
29,Irbeyskoye,RU,2020-11-09 04:10:50,55.64,95.45,40.15,78,100,1.25,overcast clouds
30,Busselton,AU,2020-11-09 04:10:50,-33.65,115.33,64.0,72,99,17.49,light rain
31,Padang,ID,2020-11-09 04:10:50,-0.95,100.35,84.49,66,75,4.83,light rain
32,Port Alfred,ZA,2020-11-09 04:10:50,-33.59,26.89,62.19,85,100,15.88,light rain
33,Lebu,CL,2020-11-09 04:10:50,-37.62,-73.65,51.69,92,41,19.04,scattered clouds
34,Faanui,PF,2020-11-09 04:10:50,-16.48,-151.75,78.12,79,91,16.64,light rain
35,Vilcun,CL,2020-11-09 04:10:50,-38.65,-72.23,51.8,100,90,5.82,overcast clouds
36,Pangai,TO,2020-11-09 04:10:51,-19.8,-174.35,80.6,74,20,8.05,few clouds
37,Butaritari,KI,2020-11-09 04:10:51,3.07,172.79,82.11,65,1,8.99,clear sky
38,Atuona,PF,2020-11-09 04:10:51,-9.8,-139.03,77.67,64,58,13.27,broken clouds
39,Henties Bay,NA,2020-11-09 04:10:51,-22.12,14.28,57.99,91,94,12.95,overcast clouds
40,Arlit,NE,2020-11-09 04:10:51,18.74,7.39,67.55,32,0,9.48,clear sky
41,Hasaki,JP,2020-11-09 04:10:51,35.73,140.83,66.0,29,75,11.41,light rain
42,Trinidad,BO,2020-11-09 04:10:51,-14.83,-64.9,82.24,50,1,1.95,clear sky
43,Saskylakh,RU,2020-11-09 04:10:51,71.92,114.08,-4.05,86,92,17.94,overcast clouds
44,Talnakh,RU,2020-11-09 04:10:52,69.49,88.4,24.8,92,40,20.13,light snow
45,Bam,IR,2020-11-09 04:10:52,29.11,58.36,69.94,21,0,9.46,clear sky
46,Balabac,PH,2020-11-09 04:10:52,7.99,117.06,83.97,73,79,12.91,broken clouds
47,Salalah,OM,2020-11-09 04:10:52,17.02,54.09,73.4,56,0,2.24,clear sky
48,Nikolskoye,RU,2020-11-09 04:10:52,59.7,30.79,37.0,92,0,6.71,clear sky
49,Tabas,IR,2020-11-09 04:10:52,33.6,56.92,59.0,38,8,4.7,clear sky
50,Pevek,RU,2020-11-09 04:10:52,69.7,170.31,17.76,94,100,3.6,overcast clouds
51,Husavik,IS,2020-11-09 04:10:52,66.04,-17.34,32.0,83,0,3.36,clear sky
52,Maragogi,BR,2020-11-09 04:07:31,-9.01,-35.22,76.32,88,11,11.12,light rain
53,Jamestown,US,2020-11-09 04:06:00,42.1,-79.24,57.2,50,1,3.96,clear sky
54,San Policarpo,PH,2020-11-09 04:10:53,12.18,125.51,85.3,73,83,8.3,light rain
55,Narsaq,GL,2020-11-09 04:10:53,60.92,-46.05,30.2,86,100,2.44,light snow
56,Punta Arenas,CL,2020-11-09 04:10:53,-53.15,-70.92,41.0,75,0,14.99,clear sky
57,Carutapera,BR,2020-11-09 04:10:53,-1.2,-46.02,79.57,82,59,8.39,broken clouds
58,Ixtapa,MX,2020-11-09 04:10:53,20.7,-105.2,79.0,78,5,4.7,clear sky
59,Pembroke,CA,2020-11-09 04:06:20,45.82,-77.12,48.0,93,1,2.24,clear sky
60,Saint-Philippe,RE,2020-11-09 04:10:54,-21.36,55.77,78.8,57,20,2.24,few clouds
61,Mar Del Plata,AR,2020-11-09 04:09:12,-38.0,-57.56,61.0,93,75,6.93,broken clouds
62,Calais,FR,2020-11-09 04:10:54,50.92,1.83,53.01,95,97,1.01,overcast clouds
63,Beringovskiy,RU,2020-11-09 04:10:54,63.05,179.32,20.05,93,27,9.22,scattered clouds
64,Garowe,SO,2020-11-09 04:10:54,8.41,48.48,75.09,74,13,11.92,few clouds
65,Guerrero Negro,MX,2020-11-09 04:10:54,27.98,-114.06,63.68,61,77,11.74,broken clouds
66,Fukue,JP,2020-11-09 04:10:55,32.69,128.84,59.0,44,20,19.46,few clouds
67,Provideniya,RU,2020-11-09 04:10:55,64.38,-173.3,32.0,98,90,11.18,light snow
68,Ogaminana,NG,2020-11-09 04:10:55,7.59,6.22,73.0,88,0,2.21,clear sky
69,Kapaa,US,2020-11-09 04:10:55,22.08,-159.32,80.6,69,75,13.87,broken clouds
70,Ossora,RU,2020-11-09 04:10:55,59.24,163.07,23.83,86,35,9.53,scattered clouds
71,Thaba-Tseka,LS,2020-11-09 04:10:55,-29.52,28.61,57.88,77,100,6.26,overcast clouds
72,Urut,AM,2020-11-09 04:10:55,41.07,44.4,24.8,92,1,3.36,clear sky
73,Esperance,AU,2020-11-09 04:10:56,-33.87,121.9,91.4,27,40,18.34,scattered clouds
74,Kahului,US,2020-11-09 04:10:56,20.89,-156.47,82.4,58,1,19.46,clear sky
75,Khatanga,RU,2020-11-09 04:10:56,71.97,102.5,11.08,92,100,17.02,overcast clouds
76,Hambantota,LK,2020-11-09 04:10:56,6.12,81.12,82.4,88,20,3.36,few clouds
77,Kaeo,NZ,2020-11-09 04:10:56,-35.1,173.78,61.0,84,100,8.99,light rain
78,Ostrovnoy,RU,2020-11-09 04:10:56,68.05,39.51,32.2,94,100,22.77,overcast clouds
79,Neryungri,RU,2020-11-09 04:10:56,56.67,124.65,2.32,87,41,0.74,scattered clouds
80,Barrow,US,2020-11-09 04:09:33,71.29,-156.79,15.8,78,90,25.28,overcast clouds
81,Hithadhoo,MV,2020-11-09 04:10:57,-0.6,73.08,84.22,71,40,9.73,heavy intensity rain
82,Biltine,TD,2020-11-09 04:10:57,14.53,20.92,72.63,28,11,11.52,few clouds
83,Ponta Do Sol,PT,2020-11-09 04:10:57,32.67,-17.1,64.4,63,20,6.93,few clouds
84,Nyagan,RU,2020-11-09 04:10:57,62.14,65.39,28.71,98,100,4.65,overcast clouds
85,Basco,PH,2020-11-09 04:10:57,20.45,121.97,78.82,83,68,33.02,light rain
86,The Valley,AI,2020-11-09 04:08:44,18.22,-63.06,81.0,78,20,9.17,few clouds
87,Castro,BR,2020-11-09 04:10:57,-24.79,-50.01,62.71,77,63,6.78,broken clouds
88,Rajapur,IN,2020-11-09 04:10:57,25.38,81.15,74.3,24,0,6.11,clear sky
89,Conchas,BR,2020-11-09 04:10:58,-23.02,-48.01,65.71,72,0,5.32,clear sky
90,Monroe,US,2020-11-09 04:10:58,43.15,-77.68,53.01,87,20,4.7,few clouds
91,Solnechnyy,RU,2020-11-09 04:10:58,50.72,136.63,16.41,78,28,6.24,scattered clouds
92,Clyde River,CA,2020-11-09 04:10:58,70.47,-68.59,-2.2,77,1,17.22,clear sky
93,Hermanus,ZA,2020-11-09 04:10:58,-34.42,19.23,45.0,92,53,8.23,broken clouds
94,Pingliang,CN,2020-11-09 04:10:58,35.54,106.69,52.0,40,0,5.99,clear sky
95,Taoudenni,ML,2020-11-09 04:10:58,22.68,-3.98,76.14,18,61,7.31,broken clouds
96,Zaysan,KZ,2020-11-09 04:10:59,47.47,84.87,51.75,39,100,22.41,overcast clouds
97,Vaini,TO,2020-11-09 04:10:59,-21.2,-175.2,80.6,74,20,10.29,few clouds
98,Esso,RU,2020-11-09 04:06:31,55.93,158.7,12.96,84,59,1.79,broken clouds
99,Vestmanna,FO,2020-11-09 04:10:59,62.16,-7.17,48.2,100,100,13.87,fog
100,Borogontsy,RU,2020-11-09 04:10:59,62.67,131.17,-11.45,85,30,1.86,scattered clouds
101,Peleduy,RU,2020-11-09 04:10:59,59.63,112.74,27.03,96,100,7.63,overcast clouds
102,Bathsheba,BB,2020-11-09 04:10:59,13.22,-59.52,80.6,83,75,12.75,shower rain
103,Amudat,UG,2020-11-09 04:10:59,1.95,34.95,69.96,74,44,3.78,scattered clouds
104,East London,ZA,2020-11-09 04:11:00,-33.02,27.91,59.0,93,75,10.29,light intensity drizzle
105,Orichi,RU,2020-11-09 04:11:00,58.4,49.06,32.36,93,100,12.73,light snow
106,Norman Wells,CA,2020-11-09 04:11:00,65.28,-126.83,15.8,92,75,4.7,broken clouds
107,Sao Sebastiao,BR,2020-11-09 04:11:00,-23.76,-45.41,70.47,87,66,6.82,broken clouds
108,Albany,US,2020-11-09 04:07:46,42.6,-73.97,48.99,93,1,2.06,clear sky
109,Bethel,US,2020-11-09 04:11:00,41.37,-73.41,50.0,87,1,2.37,clear sky
110,Leningradskiy,RU,2020-11-09 04:11:00,69.38,178.42,19.83,94,100,6.58,overcast clouds
111,Tiksi,RU,2020-11-09 04:11:01,71.69,128.87,-8.81,87,4,4.45,clear sky
112,Chimbote,PE,2020-11-09 04:11:01,-9.09,-78.58,59.61,90,65,5.7,broken clouds
113,Hami,CN,2020-11-09 04:11:01,42.8,93.45,51.19,35,0,4.9,clear sky
114,Vostok,RU,2020-11-09 04:11:01,46.49,135.88,18.84,90,88,9.91,overcast clouds
115,Puerto Ayora,EC,2020-11-09 04:11:01,-0.74,-90.35,68.0,88,15,4.0,few clouds
116,Miri,MY,2020-11-09 04:07:57,4.41,114.01,84.2,79,40,6.93,moderate rain
117,Ancud,CL,2020-11-09 04:11:02,-41.87,-73.82,54.0,76,0,6.93,clear sky
118,Awbari,LY,2020-11-09 04:11:02,26.59,12.78,52.86,81,0,3.6,clear sky
119,Kruisfontein,ZA,2020-11-09 04:11:02,-34.0,24.73,55.99,95,100,1.99,light rain
120,Matara,LK,2020-11-09 04:11:02,5.95,80.54,85.95,67,3,3.04,light rain
121,Onega,RU,2020-11-09 04:11:02,63.91,38.14,34.47,85,100,14.72,overcast clouds
122,Puksoozero,RU,2020-11-09 04:11:03,62.59,40.61,29.8,95,99,10.83,overcast clouds
123,Avarua,CK,2020-11-09 04:11:03,-21.21,-159.78,77.0,73,86,5.82,overcast clouds
124,Coihaique,CL,2020-11-09 04:11:03,-45.58,-72.07,50.0,76,0,2.24,clear sky
125,Touros,BR,2020-11-09 04:11:03,-5.2,-35.46,75.2,94,75,3.36,shower rain
126,Ribeira Grande,PT,2020-11-09 04:11:03,38.52,-28.7,61.65,63,65,13.98,broken clouds
127,Gari,RU,2020-11-09 04:11:03,59.43,62.35,29.3,98,99,8.99,overcast clouds
128,Vestmannaeyjar,IS,2020-11-09 04:06:53,63.44,-20.27,44.87,80,100,30.24,overcast clouds
129,Kaitangata,NZ,2020-11-09 04:11:04,-46.28,169.85,53.01,71,97,8.99,overcast clouds
130,Rudolstadt,DE,2020-11-09 04:11:04,50.72,11.33,42.01,93,0,4.7,clear sky
131,Pacific Grove,US,2020-11-09 04:11:04,36.62,-121.92,48.99,66,75,5.82,broken clouds
132,Maloy,NO,2020-11-09 04:11:04,61.94,5.11,46.4,87,100,1.12,light rain
133,Moose Factory,CA,2020-11-09 04:11:04,51.26,-80.61,35.6,93,90,3.36,overcast clouds
134,Delhi,IN,2020-11-09 04:08:23,28.67,77.22,73.0,67,0,2.17,smoke
135,Saint-Augustin,CA,2020-11-09 04:11:05,51.23,-58.65,28.54,77,99,7.34,overcast clouds
136,Kargil,IN,2020-11-09 04:11:05,34.57,76.1,37.62,50,50,0.65,scattered clouds
137,Flinders,AU,2020-11-09 04:11:05,-34.58,150.86,68.0,62,22,10.76,few clouds
138,Tasiilaq,GL,2020-11-09 04:11:05,65.61,-37.64,33.13,95,100,31.14,overcast clouds
139,Port Hawkesbury,CA,2020-11-09 04:11:05,45.62,-61.35,37.99,80,90,4.97,overcast clouds
140,Cidreira,BR,2020-11-09 04:11:05,-30.18,-50.21,68.02,85,96,14.7,moderate rain
141,Mehamn,NO,2020-11-09 04:11:06,71.04,27.85,34.95,84,97,13.56,overcast clouds
142,Makakilo City,US,2020-11-09 04:11:06,21.35,-158.09,82.4,54,1,8.05,clear sky
143,Severo-Kurilsk,RU,2020-11-09 04:11:06,50.68,156.12,35.28,87,100,18.9,overcast clouds
144,Longyearbyen,SJ,2020-11-09 04:11:06,78.22,15.64,28.4,68,75,6.93,broken clouds
145,Meulaboh,ID,2020-11-09 04:07:07,4.14,96.13,85.33,66,69,1.43,moderate rain
146,Great Yarmouth,GB,2020-11-09 04:11:06,52.61,1.73,55.99,99,98,1.99,overcast clouds
147,Goryachiy Klyuch,RU,2020-11-09 04:11:07,44.63,39.13,44.6,100,75,4.47,broken clouds
148,Vanavara,RU,2020-11-09 04:11:07,60.34,102.28,34.7,89,100,7.87,overcast clouds
149,Saint-Georges,GD,2020-11-09 04:11:07,12.06,-61.75,82.4,83,20,21.92,few clouds
150,Gat,IL,2020-11-09 04:11:07,31.61,34.76,64.0,82,20,1.12,few clouds
151,Urcos,PE,2020-11-09 04:11:07,-13.69,-71.62,50.54,63,79,2.55,broken clouds
152,Paamiut,GL,2020-11-09 04:11:07,61.99,-49.67,22.5,88,100,43.31,overcast clouds
153,Caconde,BR,2020-11-09 04:11:07,-21.53,-46.64,68.4,51,0,3.76,clear sky
154,Torbay,CA,2020-11-09 04:11:07,47.67,-52.73,34.0,74,20,10.29,few clouds
155,Las Vegas,US,2020-11-09 04:09:24,36.17,-115.14,48.2,49,1,9.17,clear sky
156,Ahipara,NZ,2020-11-09 04:08:22,-35.17,173.17,59.83,82,93,11.05,light rain
157,Chuy,UY,2020-11-09 04:11:08,-33.7,-53.46,58.62,89,68,6.98,broken clouds
158,Balod,IN,2020-11-09 04:11:08,20.73,81.2,70.95,44,0,5.93,clear sky
159,Constitucion,CL,2020-11-09 04:11:08,-35.33,-72.42,55.74,71,63,7.87,broken clouds
160,Birao,CF,2020-11-09 04:11:08,10.28,22.79,70.0,40,16,4.72,few clouds
161,Mayo,US,2020-11-09 04:11:08,38.89,-76.51,57.99,100,1,4.45,mist
162,La Ronge,CA,2020-11-09 04:11:09,55.1,-105.28,14.0,78,100,12.75,overcast clouds
163,Harper,LR,2020-11-09 04:11:09,4.38,-7.72,78.1,84,96,5.57,light rain
164,Asau,RO,2020-11-09 04:11:09,46.43,26.4,41.0,70,0,2.24,mist
165,San Quintin,MX,2020-11-09 04:11:09,30.48,-115.95,61.09,61,25,15.43,scattered clouds
166,Dubbo,AU,2020-11-09 04:09:27,-32.25,148.62,78.8,41,31,4.7,scattered clouds
167,Atbasar,KZ,2020-11-09 04:11:09,51.8,68.33,33.49,94,100,29.33,overcast clouds
168,Thompson,CA,2020-11-09 04:08:21,55.74,-97.86,8.6,84,90,13.87,light snow
169,Bambous Virieux,MU,2020-11-09 04:11:10,-20.34,57.76,77.0,88,75,12.75,shower rain
170,Waddan,LY,2020-11-09 04:11:10,29.16,16.14,54.39,88,3,3.27,clear sky
171,Bandarbeyla,SO,2020-11-09 04:11:10,9.49,50.81,78.84,76,9,16.96,clear sky
172,Port-Cartier,CA,2020-11-09 04:11:10,50.03,-66.87,30.0,92,90,3.36,overcast clouds
173,Tiarei,PF,2020-11-09 04:11:10,-17.53,-149.33,80.6,69,90,10.29,shower rain
174,Aswan,EG,2020-11-09 04:11:10,24.09,32.91,61.72,47,0,4.27,clear sky
175,Balaka,MW,2020-11-09 04:09:10,-14.98,34.96,77.4,43,46,5.35,scattered clouds
176,Umred,IN,2020-11-09 04:11:11,20.85,79.33,68.0,49,0,2.24,haze
177,Carnarvon,AU,2020-11-09 04:11:11,-24.87,113.63,75.2,53,90,13.87,overcast clouds
178,Binabalian,PH,2020-11-09 04:11:11,16.42,119.93,82.69,76,95,1.66,light rain
179,Spirit River,CA,2020-11-09 04:11:11,55.78,-118.84,14.0,78,7,8.05,clear sky
180,Kisangani,CD,2020-11-09 04:11:11,0.52,25.2,70.05,97,100,0.81,overcast clouds
181,Cockburn Town,TC,2020-11-09 04:11:11,21.46,-71.14,79.65,86,100,24.72,moderate rain
182,Chokurdakh,RU,2020-11-09 04:11:12,70.63,147.92,-13.74,91,98,3.42,overcast clouds
183,Sri Aman,MY,2020-11-09 04:11:12,1.24,111.46,86.0,74,40,4.7,scattered clouds
184,Bengkulu,ID,2020-11-09 04:11:12,-3.8,102.27,81.81,76,98,5.26,light rain
185,Hilo,US,2020-11-09 04:10:18,19.73,-155.09,78.8,78,90,9.17,heavy intensity rain
186,Eyl,SO,2020-11-09 04:11:12,7.98,49.82,80.64,71,10,19.19,clear sky
187,Midland,US,2020-11-09 04:11:12,32.0,-102.08,68.0,64,1,17.22,clear sky
188,Praia Da Vitoria,PT,2020-11-09 04:11:13,38.73,-27.07,51.8,87,20,6.73,few clouds
189,Gemena,CD,2020-11-09 04:11:13,3.25,19.77,71.51,94,100,1.45,overcast clouds
190,Illapel,CL,2020-11-09 04:09:48,-31.63,-71.17,56.61,71,0,1.48,clear sky
191,Diffa,NE,2020-11-09 04:11:13,13.32,12.61,69.67,34,21,8.14,few clouds
192,Labuhan,ID,2020-11-09 04:11:13,-6.88,112.21,91.0,49,79,2.73,broken clouds
193,Port Lincoln,AU,2020-11-09 04:11:13,-34.73,135.87,75.88,35,28,16.04,scattered clouds
194,Petropavlovsk-Kamchatskiy,RU,2020-11-09 04:11:13,53.05,158.65,33.8,47,0,4.47,clear sky
195,Atambua,ID,2020-11-09 04:11:14,-9.11,124.89,89.47,42,72,1.14,broken clouds
196,Vila Franca Do Campo,PT,2020-11-09 04:07:36,37.72,-25.43,60.8,77,75,5.32,broken clouds
197,Westport,US,2020-11-09 04:10:45,41.14,-73.36,51.8,87,1,2.64,clear sky
198,Shaoguan,CN,2020-11-09 04:11:14,24.8,113.58,73.83,34,0,5.61,clear sky
199,Gaya,IN,2020-11-09 04:11:14,24.78,85.0,66.2,77,0,3.36,mist
200,Sao Filipe,CV,2020-11-09 04:11:14,14.9,-24.5,79.36,75,5,7.18,clear sky
201,Angoram,PG,2020-11-09 04:11:14,-4.06,144.07,91.24,55,92,4.5,overcast clouds
202,Samarai,PG,2020-11-09 04:11:14,-10.62,150.67,79.29,86,100,15.61,moderate rain
203,Porlamar,VE,2020-11-09 04:11:15,10.96,-63.85,84.2,79,68,6.93,broken clouds
204,Kenitra,MA,2020-11-09 04:11:15,34.26,-6.58,51.8,100,40,2.89,scattered clouds
205,Geraldton,AU,2020-11-09 04:11:15,-28.77,114.6,73.4,60,90,25.28,light rain
206,Dingle,PH,2020-11-09 04:11:15,11.0,122.67,85.14,74,38,2.86,moderate rain
207,Mantenopolis,BR,2020-11-09 04:11:15,-18.86,-41.12,69.69,96,94,3.49,overcast clouds
208,Pachino,IT,2020-11-09 04:09:08,36.72,15.09,57.0,84,18,4.0,few clouds
209,Bilibino,RU,2020-11-09 04:11:15,68.05,166.44,-1.62,90,96,0.87,overcast clouds
210,Chapais,CA,2020-11-09 04:11:15,49.78,-74.85,39.2,100,90,4.7,mist
211,Sao Felix Do Xingu,BR,2020-11-09 04:11:15,-6.64,-51.99,72.45,94,82,0.92,broken clouds
212,Shingu,JP,2020-11-09 04:11:16,33.73,135.98,62.6,48,40,16.11,scattered clouds
213,Indapur,IN,2020-11-09 04:11:16,18.3,73.25,80.04,47,0,3.78,clear sky
214,Mahibadhoo,MV,2020-11-09 04:11:16,3.78,72.97,83.57,71,65,3.96,broken clouds
215,The Pas,CA,2020-11-09 04:11:16,53.83,-101.25,15.8,85,90,19.46,light snow
216,Weatherford,US,2020-11-09 04:09:47,32.76,-97.8,64.99,90,0,13.42,clear sky
217,Albion,US,2020-11-09 04:11:16,42.24,-84.75,60.01,67,1,3.36,clear sky
218,Sinnamary,GF,2020-11-09 04:11:16,5.38,-52.95,78.4,85,2,11.74,clear sky
219,Airai,TL,2020-11-09 04:11:17,-8.93,125.41,80.56,41,85,7.31,overcast clouds
220,Georgetown,MY,2020-11-09 04:11:17,5.41,100.34,84.2,78,20,4.7,shower rain
221,Solwezi,ZM,2020-11-09 04:11:17,-12.17,26.39,61.68,63,12,0.6,few clouds
222,Souillac,MU,2020-11-09 04:11:17,-20.52,57.52,75.2,88,75,12.75,shower rain
223,Montepuez,MZ,2020-11-09 04:11:17,-13.13,39.0,72.64,83,55,6.04,broken clouds
224,Erenhot,CN,2020-11-09 04:11:17,43.65,111.98,40.69,55,0,6.55,clear sky
225,Faya,SA,2020-11-09 04:11:18,18.39,42.45,59.0,66,0,3.09,clear sky
226,Royan,FR,2020-11-09 04:11:18,45.63,-1.03,57.2,93,0,9.17,clear sky
227,Daru,PG,2020-11-09 04:10:06,-9.08,143.21,78.89,90,100,14.47,light rain
228,Stokmarknes,NO,2020-11-09 04:11:18,68.56,14.91,44.01,83,100,8.99,overcast clouds
229,Manyana,BW,2020-11-09 04:11:18,-23.4,21.72,77.77,38,98,5.53,overcast clouds
230,Bhit Shah,PK,2020-11-09 04:11:18,25.8,68.49,64.4,72,0,2.24,smoke
231,Rawson,AR,2020-11-09 04:11:18,-43.3,-65.1,65.01,70,83,8.55,broken clouds
232,Vila Velha,BR,2020-11-09 04:11:19,-20.33,-40.29,75.2,88,40,9.17,scattered clouds
233,Alberton,CA,2020-11-09 04:11:19,46.82,-64.07,41.0,83,100,5.82,overcast clouds
234,Pisco,PE,2020-11-09 04:11:19,-13.7,-76.22,62.6,88,41,3.36,smoke
235,Odweyne,SO,2020-11-09 04:11:19,9.41,45.06,69.73,58,0,5.79,clear sky
236,Grindavik,IS,2020-11-09 04:11:19,63.84,-22.43,42.8,93,90,20.8,light intensity drizzle
237,Nabire,ID,2020-11-09 04:11:19,-3.37,135.48,86.05,68,81,6.11,light rain
238,San Patricio,US,2020-11-09 04:11:19,28.02,-97.52,73.0,88,20,9.17,few clouds
239,Nantucket,US,2020-11-09 04:07:09,41.28,-70.1,48.2,93,1,2.33,clear sky
240,Muli,MV,2020-11-09 04:11:20,2.92,73.57,84.02,71,68,5.55,light rain
241,Dawson Creek,CA,2020-11-09 04:11:20,55.77,-120.24,21.2,73,1,5.82,clear sky
242,Lagoa,PT,2020-11-09 04:11:20,39.05,-27.98,61.21,63,97,13.82,overcast clouds
243,Marawi,PH,2020-11-09 04:11:20,8.0,124.29,84.0,77,37,5.01,light rain
244,Karratha,AU,2020-11-09 04:11:08,-20.74,116.85,91.24,25,0,18.3,clear sky
245,Oktyabrskoye,RU,2020-11-09 04:11:20,43.06,44.74,28.4,86,0,6.71,clear sky
246,Lavrentiya,RU,2020-11-09 04:11:20,65.58,-171.0,27.18,95,84,7.78,broken clouds
247,Bafoulabe,ML,2020-11-09 04:11:21,13.81,-10.83,74.57,20,0,2.8,clear sky
248,Pangody,RU,2020-11-09 04:11:21,65.85,74.49,21.54,98,99,6.96,overcast clouds
249,Lompoc,US,2020-11-09 04:07:28,34.64,-120.46,51.8,71,75,10.29,broken clouds
250,Tuatapere,NZ,2020-11-09 04:11:21,-46.13,167.68,55.99,71,98,8.01,overcast clouds
251,Annau,TM,2020-11-09 04:11:21,37.89,58.52,50.0,87,90,4.7,overcast clouds
252,Sakakah,SA,2020-11-09 04:11:21,29.97,40.21,64.4,59,40,3.36,scattered clouds
253,Necochea,AR,2020-11-09 04:11:21,-38.55,-58.74,54.45,91,38,9.1,scattered clouds
254,Rincon,US,2020-11-09 04:11:21,32.3,-81.24,71.6,94,40,12.75,scattered clouds
255,Qaanaaq,GL,2020-11-09 04:11:22,77.48,-69.36,-8.05,70,0,7.85,clear sky
256,Broome,US,2020-11-09 04:11:22,42.25,-75.83,55.4,50,1,3.36,clear sky
257,Sola,VU,2020-11-09 04:11:22,-13.88,167.55,82.4,88,75,4.7,broken clouds
258,Yara,CU,2020-11-09 04:11:22,20.28,-76.95,73.44,87,96,2.93,overcast clouds
259,Nizhniy Kuranakh,RU,2020-11-09 04:11:22,58.84,125.49,6.84,87,9,2.59,clear sky
260,Puerto Guzman,CO,2020-11-09 04:11:22,0.97,-76.59,72.01,73,51,5.06,broken clouds
261,Cayenne,GF,2020-11-09 04:11:22,4.93,-52.33,78.8,94,40,2.24,scattered clouds
262,Boundiali,CI,2020-11-09 04:11:23,9.52,-6.49,71.65,45,83,1.95,broken clouds
263,Bonham,US,2020-11-09 04:07:02,33.58,-96.18,66.99,93,75,9.17,broken clouds
264,Ascension,US,2020-11-09 04:11:23,30.22,-90.9,73.4,83,90,8.21,overcast clouds
265,Mantua,IT,2020-11-09 04:11:23,45.17,10.78,44.01,100,6,3.36,clear sky
266,Hobyo,SO,2020-11-09 04:11:23,5.35,48.53,81.84,76,98,14.07,overcast clouds
267,General Roca,AR,2020-11-09 04:06:53,-39.03,-67.58,68.0,77,0,3.36,clear sky
268,Magadan,RU,2020-11-09 04:11:23,59.57,150.8,11.8,86,96,13.0,overcast clouds
269,Coquimbo,CL,2020-11-09 04:11:23,-29.95,-71.34,55.4,87,0,1.12,clear sky
270,Gazojak,TM,2020-11-09 04:11:23,41.19,61.4,45.93,57,0,1.92,clear sky
271,Tilichiki,RU,2020-11-09 04:11:24,60.47,166.1,9.19,95,52,12.37,broken clouds
272,Mount Gambier,AU,2020-11-09 04:11:24,-37.83,140.77,86.0,22,100,13.87,overcast clouds
273,Taraz,KZ,2020-11-09 04:11:24,42.9,71.37,41.0,80,90,11.18,overcast clouds
274,Severnyy,RU,2020-11-09 04:11:24,50.68,36.55,43.48,100,75,8.95,light rain
275,Half Moon Bay,US,2020-11-09 04:07:27,37.46,-122.43,50.0,71,20,12.75,haze
276,Abu Samrah,SY,2020-11-09 04:11:24,35.3,37.18,59.58,59,95,5.64,light rain
277,Kavieng,PG,2020-11-09 04:11:24,-2.57,150.8,84.04,68,41,2.44,scattered clouds
278,Oranjemund,NA,2020-11-09 04:11:25,-28.55,16.43,58.05,77,3,13.85,clear sky
279,Eirunepe,BR,2020-11-09 04:11:25,-6.66,-69.87,74.5,92,81,1.81,light rain
280,Barentu,ER,2020-11-09 04:07:07,15.11,37.59,71.38,51,0,2.19,clear sky
281,Umm Kaddadah,SD,2020-11-09 04:11:25,13.6,26.69,69.71,27,9,14.16,clear sky
282,Mahebourg,MU,2020-11-09 04:11:25,-20.41,57.7,75.2,88,75,12.75,shower rain
283,Camacha,PT,2020-11-09 04:11:25,33.08,-16.33,62.6,77,40,3.36,scattered clouds
284,Gwadar,PK,2020-11-09 04:11:25,25.12,62.33,75.6,62,0,2.77,clear sky
285,Bom Jesus Da Lapa,BR,2020-11-09 04:11:25,-13.26,-43.42,72.64,76,2,3.49,clear sky
286,Chiredzi,ZW,2020-11-09 04:11:26,-21.05,31.67,76.89,59,100,4.63,overcast clouds
287,Carauari,BR,2020-11-09 04:11:26,-4.88,-66.9,72.79,97,53,2.3,moderate rain
288,Marzuq,YE,2020-11-09 04:11:26,14.4,46.47,69.35,42,1,1.1,clear sky
289,Batagay-Alyta,RU,2020-11-09 04:11:26,67.8,130.41,-13.88,81,0,2.48,clear sky
290,Khandyga,RU,2020-11-09 04:11:26,62.67,135.6,-9.15,86,53,1.77,broken clouds
291,Quesnel,CA,2020-11-09 04:11:03,53.0,-122.5,23.0,67,1,4.16,clear sky
292,Klaksvik,FO,2020-11-09 04:11:26,62.23,-6.59,48.2,100,100,13.87,drizzle
293,Vilyuysk,RU,2020-11-09 04:11:26,63.76,121.62,-0.17,89,5,5.08,clear sky
294,Sivaki,RU,2020-11-09 04:11:26,52.63,126.75,10.47,87,0,9.08,clear sky
295,Conakry,GN,2020-11-09 04:11:27,9.54,-13.68,80.08,78,22,1.3,few clouds
296,Caravelas,BR,2020-11-09 04:11:27,-17.71,-39.25,72.28,90,82,4.43,broken clouds
297,Heiligenhafen,DE,2020-11-09 04:11:27,54.37,10.98,43.0,100,0,8.05,clear sky
298,Tateyama,JP,2020-11-09 04:11:27,34.98,139.87,64.0,55,40,5.82,scattered clouds
299,Jumla,NP,2020-11-09 04:11:27,29.27,82.18,61.57,30,0,3.62,clear sky
300,Simian,RO,2020-11-09 04:11:28,44.61,22.71,37.99,8,8,1.07,clear sky
301,Tutayev,RU,2020-11-09 04:11:28,57.89,39.54,30.2,86,0,11.18,clear sky
302,Nemuro,JP,2020-11-09 04:11:28,43.32,145.57,41.0,60,75,10.29,broken clouds
303,Verkhnevilyuysk,RU,2020-11-09 04:11:28,63.45,120.32,3.85,88,47,5.5,scattered clouds
304,Mahon,ES,2020-11-09 04:11:28,39.89,4.27,59.0,93,92,3.36,fog
305,Plettenberg Bay,ZA,2020-11-09 04:11:28,-34.05,23.37,56.68,81,100,8.84,light rain
306,Kalmunai,LK,2020-11-09 04:11:28,7.42,81.82,84.25,69,91,1.3,light rain
307,Acari,PE,2020-11-09 04:11:29,-15.43,-74.62,63.48,70,44,2.01,scattered clouds
308,Isangel,VU,2020-11-09 04:11:29,-19.55,169.27,77.0,78,90,6.93,overcast clouds
309,Cangzhou,CN,2020-11-09 04:11:29,38.32,116.87,60.22,27,0,1.57,clear sky
310,Aras,ES,2020-11-09 04:11:29,42.56,-2.36,51.01,93,40,1.12,scattered clouds
311,Fortuna,US,2020-11-09 04:11:29,40.6,-124.16,44.01,80,1,6.93,clear sky
312,Berlevag,NO,2020-11-09 04:11:29,70.86,29.09,35.24,84,100,14.52,light rain
313,Vanimo,PG,2020-11-09 04:11:29,-2.67,141.3,86.09,66,36,7.16,scattered clouds
314,Baherden,TM,2020-11-09 04:11:29,38.44,57.43,51.62,59,1,4.16,clear sky
315,Viesite,LV,2020-11-09 04:11:30,56.35,25.56,34.21,89,0,2.24,clear sky
316,Andros Town,BS,2020-11-09 04:07:53,24.7,-77.77,80.6,83,90,24.16,overcast clouds
317,Dunedin,NZ,2020-11-09 04:11:30,-45.87,170.5,55.0,68,100,4.0,overcast clouds
318,Honiara,SB,2020-11-09 04:11:30,-9.43,159.95,89.6,66,20,9.17,shower rain
319,Galle,LK,2020-11-09 04:11:30,6.04,80.22,82.13,76,17,5.53,few clouds
320,Grants,US,2020-11-09 04:07:02,35.15,-107.85,35.6,69,1,4.7,clear sky
321,Huilong,CN,2020-11-09 04:11:30,31.81,121.66,64.0,47,0,7.81,light rain
322,Kirs,RU,2020-11-09 04:11:31,59.34,52.24,30.96,98,98,10.6,overcast clouds
323,Umm Lajj,SA,2020-11-09 04:11:31,25.02,37.27,73.22,56,0,7.87,clear sky
324,Qujing,CN,2020-11-09 04:11:31,25.48,103.78,56.86,69,90,0.56,overcast clouds
325,Margate,GB,2020-11-09 04:11:31,51.38,1.39,57.0,92,100,1.99,moderate rain
326,Narsipatnam,IN,2020-11-09 04:11:31,17.67,82.62,80.6,36,0,6.93,haze
327,Kortkeros,RU,2020-11-09 04:11:31,61.81,51.58,33.8,98,75,8.95,broken clouds
328,Sal Rei,CV,2020-11-09 04:11:31,16.18,-22.92,77.0,83,0,16.11,clear sky
329,Manggar,ID,2020-11-09 04:11:31,-2.88,108.27,84.97,69,89,8.28,overcast clouds
330,Cabo San Lucas,MX,2020-11-09 04:11:32,22.89,-109.91,75.0,78,5,13.87,clear sky
331,Kasulu,TZ,2020-11-09 04:11:32,-4.58,30.1,64.92,89,83,0.96,broken clouds
332,Imbituba,BR,2020-11-09 04:10:38,-28.24,-48.67,68.0,100,75,2.24,broken clouds
333,Japura,ID,2020-11-09 04:11:32,-0.32,102.35,89.71,57,94,2.57,light rain
334,Noveleta,PH,2020-11-09 04:11:32,14.43,120.88,84.99,83,75,6.93,broken clouds
335,Broken Hill,AU,2020-11-09 04:11:32,-31.95,141.43,89.6,19,40,10.29,scattered clouds
336,Tezpur,IN,2020-11-09 04:11:32,26.63,92.8,74.16,68,3,5.37,clear sky
337,Yatou,CN,2020-11-09 04:11:32,37.15,122.38,56.14,37,0,13.02,clear sky
338,Takaka,NZ,2020-11-09 04:11:33,-40.85,172.8,55.0,69,58,3.0,broken clouds
339,Manaquiri,BR,2020-11-09 04:11:33,-3.32,-60.35,82.4,74,40,2.24,light rain
340,Lata,PT,2020-11-09 04:11:33,40.16,-8.33,55.99,93,8,3.8,light rain
341,Vardo,NO,2020-11-09 04:11:33,70.37,31.11,30.2,92,75,4.7,broken clouds
342,Nizwa,OM,2020-11-09 04:11:33,22.93,57.53,75.97,50,0,2.64,clear sky
343,Ilulissat,GL,2020-11-09 04:11:33,69.22,-51.1,15.8,52,100,5.82,overcast clouds
344,Hovd,MN,2020-11-09 04:11:33,48.01,91.64,37.94,64,21,2.1,few clouds
345,Pecanha,BR,2020-11-09 04:11:33,-18.55,-42.56,64.47,100,100,1.95,overcast clouds
346,Porto Novo,BJ,2020-11-09 04:11:34,6.5,2.6,80.6,88,20,4.7,few clouds
347,Jacareacanga,BR,2020-11-09 04:11:34,-6.22,-57.75,74.21,97,100,1.43,light rain
348,Razole,IN,2020-11-09 04:11:34,16.48,81.83,80.19,58,0,4.9,clear sky
349,Taywarah,AF,2020-11-09 04:11:06,33.35,64.42,45.84,38,56,0.27,broken clouds
350,Aasiaat,GL,2020-11-09 04:11:34,68.71,-52.87,5.5,88,100,9.08,overcast clouds
351,Nyrob,RU,2020-11-09 04:11:34,60.73,56.72,31.53,98,100,10.29,overcast clouds
352,Alyangula,AU,2020-11-09 04:11:35,-13.85,136.42,93.2,52,40,11.41,moderate rain
353,Savinka,RU,2020-11-09 04:11:35,50.08,47.1,48.38,83,93,13.76,overcast clouds
354,Vagur,FO,2020-11-09 04:11:35,61.47,-6.81,48.87,95,99,13.44,overcast clouds
355,Semey,KZ,2020-11-09 04:11:35,50.41,80.23,37.4,93,75,15.66,broken clouds
356,Bjornevatn,NO,2020-11-09 04:11:35,69.67,29.98,28.4,100,90,13.87,overcast clouds
357,Iqaluit,CA,2020-11-09 04:11:35,63.75,-68.51,15.8,78,90,13.71,light snow
358,Xining,CN,2020-11-09 04:11:35,36.62,101.77,44.53,43,0,1.57,clear sky
359,Nuuk,GL,2020-11-09 04:11:36,64.18,-51.72,17.6,72,100,23.04,light snow
360,Suntar,RU,2020-11-09 04:11:36,62.14,117.63,10.22,87,100,8.12,overcast clouds
361,Kodiak,US,2020-11-09 04:11:36,57.79,-152.41,44.6,48,1,28.86,clear sky
362,Batemans Bay,AU,2020-11-09 04:11:36,-35.72,150.18,73.0,49,0,1.01,clear sky
363,Springbok,ZA,2020-11-09 04:11:36,-29.66,17.89,41.99,94,31,4.72,scattered clouds
364,Kez,RU,2020-11-09 04:11:36,57.9,53.72,30.7,97,99,11.68,overcast clouds
365,Turukhansk,RU,2020-11-09 04:11:36,65.82,87.98,32.68,98,100,16.17,overcast clouds
366,Victoria,HK,2020-11-09 04:11:36,22.29,114.16,78.01,45,83,3.0,broken clouds
367,Billings,US,2020-11-09 04:10:05,45.78,-108.5,18.0,66,90,8.05,overcast clouds
368,Tromso,NO,2020-11-09 04:11:37,69.65,18.96,39.2,76,75,61.07,shower rain
369,Jasper,US,2020-11-09 04:11:37,37.2,-94.35,66.99,72,40,8.05,scattered clouds
370,Olinda,BR,2020-11-09 04:11:37,-8.01,-34.86,75.2,100,75,12.75,broken clouds
371,Thinadhoo,MV,2020-11-09 04:11:37,0.53,72.93,84.22,74,92,9.95,light rain
372,Taltal,CL,2020-11-09 04:11:37,-25.4,-70.48,58.1,73,4,2.33,clear sky
373,Cap Malheureux,MU,2020-11-09 04:11:37,-19.98,57.61,77.0,74,14,11.01,few clouds
374,Batagay,RU,2020-11-09 04:11:37,67.63,134.63,-24.05,83,6,2.93,clear sky
375,Qasigiannguit,GL,2020-11-09 04:11:37,68.82,-51.19,15.8,52,100,5.82,overcast clouds
376,Aklavik,CA,2020-11-09 04:11:37,68.22,-135.01,21.2,85,100,4.7,overcast clouds
377,Sistranda,NO,2020-11-09 04:11:38,63.73,8.83,44.6,87,75,9.17,broken clouds
378,Road Town,VG,2020-11-09 04:11:38,18.42,-64.62,78.8,78,20,5.82,few clouds
379,Lufilufi,WS,2020-11-09 04:11:38,-13.87,-171.6,80.6,94,90,4.7,overcast clouds
380,Cedral,MX,2020-11-09 04:11:38,23.8,-100.73,65.03,36,0,6.55,clear sky
381,Puerto Baquerizo Moreno,EC,2020-11-09 04:11:38,-0.9,-89.6,66.67,84,19,11.18,few clouds
382,Los Alamos,US,2020-11-09 04:08:03,35.89,-106.31,46.99,36,40,12.75,scattered clouds
383,Batesville,US,2020-11-09 04:10:01,35.77,-91.64,69.8,77,90,5.82,overcast clouds
384,Am Timan,TD,2020-11-09 04:11:38,11.03,20.28,73.54,35,91,4.65,overcast clouds
385,Bowen,AU,2020-11-09 04:11:39,-20.02,148.23,80.6,65,75,21.92,broken clouds
386,Great Falls,US,2020-11-09 04:11:39,47.5,-111.3,15.01,78,90,17.22,light snow
387,Koutsouras,GR,2020-11-09 04:11:39,35.03,25.95,66.0,61,66,11.99,broken clouds
388,Chokwe,MZ,2020-11-09 04:11:39,-24.53,32.98,79.7,57,0,8.19,clear sky
389,Solginskiy,RU,2020-11-09 04:11:39,61.05,41.34,30.79,94,99,12.24,overcast clouds
390,Chipata,ZM,2020-11-09 04:11:39,-13.63,32.65,71.56,51,64,5.19,broken clouds
391,Napasar,IN,2020-11-09 04:11:40,27.97,73.55,80.64,16,0,8.3,clear sky
392,Ayolas,PY,2020-11-09 04:11:40,-27.4,-56.9,71.26,76,68,9.26,light rain
393,Dakar,SN,2020-11-09 04:09:51,14.69,-17.44,80.6,88,0,11.41,clear sky
394,Morros,BR,2020-11-09 04:11:40,-9.45,-46.3,74.79,69,0,5.01,clear sky
395,Trondheim,NO,2020-11-09 04:11:40,63.43,10.4,42.01,94,100,3.83,overcast clouds
396,Bara,NG,2020-11-09 04:11:40,10.37,10.73,70.23,35,0,5.28,clear sky
397,Pokhara,NP,2020-11-09 04:11:40,28.23,83.98,73.65,33,0,3.29,clear sky
398,Healesville,AU,2020-11-09 04:08:16,-37.65,145.52,84.0,36,4,5.35,clear sky
399,Yulara,AU,2020-11-09 04:11:41,-25.24,130.99,98.6,13,1,18.34,clear sky
400,Simpang,ID,2020-11-09 04:11:41,-1.27,104.08,89.42,60,100,2.77,light rain
401,Luanda,AO,2020-11-09 04:11:31,-8.84,13.23,77.0,88,75,5.82,broken clouds
402,Anito,PH,2020-11-09 04:11:41,12.45,125.29,86.25,69,86,5.73,overcast clouds
403,Hrubieszow,PL,2020-11-09 04:11:41,50.8,23.89,39.34,86,0,2.21,clear sky
404,Codrington,AU,2020-11-09 04:11:41,-38.27,141.97,76.93,59,66,7.7,broken clouds
405,Tautira,PF,2020-11-09 04:11:42,-17.73,-149.15,80.6,69,90,10.29,shower rain
406,Saint George,US,2020-11-09 04:11:42,37.1,-113.58,39.99,86,90,4.76,overcast clouds
407,Banon,ES,2020-11-09 04:11:42,40.84,-1.19,48.2,100,14,3.36,few clouds
408,Naze,JP,2020-11-09 04:11:42,28.37,129.48,73.4,56,75,18.34,broken clouds
409,Providencia,MX,2020-11-09 04:11:42,28.72,-111.58,57.0,61,0,2.53,clear sky
410,Katsuura,JP,2020-11-09 04:11:42,35.13,140.3,61.0,38,75,4.7,broken clouds
411,Mana,GF,2020-11-09 04:11:42,5.66,-53.78,78.17,85,0,10.31,clear sky
412,Stuttgart,DE,2020-11-09 04:11:42,48.78,9.18,44.01,100,0,2.24,clear sky
413,Namatanai,PG,2020-11-09 04:11:42,-3.67,152.43,84.79,67,97,3.42,light rain
414,Tukrah,LY,2020-11-09 04:11:43,32.53,20.58,64.85,66,36,10.96,scattered clouds
415,Kawalu,ID,2020-11-09 04:11:43,-7.38,108.21,83.43,67,75,4.5,light rain
416,Port Hardy,CA,2020-11-09 04:11:43,50.7,-127.42,44.6,67,40,4.7,scattered clouds
417,Iracoubo,GF,2020-11-09 04:11:43,5.48,-53.2,78.93,83,1,11.77,clear sky
418,Lasa,IT,2020-11-09 04:11:43,46.62,10.7,35.6,53,5,4.7,clear sky
419,Ayacucho,PE,2020-11-09 04:11:43,-13.16,-74.22,56.52,61,65,2.73,broken clouds
420,Wahiawa,US,2020-11-09 04:11:43,21.5,-158.02,82.4,65,1,10.29,clear sky
421,Ler,SS,2020-11-09 04:11:44,8.3,30.14,70.57,52,28,2.26,scattered clouds
422,Nome,US,2020-11-09 04:11:44,64.5,-165.41,26.6,79,1,4.36,clear sky
423,Giyani,ZA,2020-11-09 04:11:44,-23.3,30.72,78.69,48,0,3.33,clear sky
424,Sao Joao Da Barra,BR,2020-11-09 04:11:44,-21.64,-41.05,74.53,93,89,11.68,light rain
425,Pryazha,RU,2020-11-09 04:11:44,61.69,33.62,28.4,92,0,13.42,clear sky
426,Pringsewu,ID,2020-11-09 04:11:45,-5.36,104.97,92.03,45,80,3.74,broken clouds
427,Gizo,SB,2020-11-09 04:11:45,-8.1,156.84,84.54,70,79,1.7,light rain
428,Te Anau,NZ,2020-11-09 04:09:23,-45.42,167.72,60.66,52,42,6.08,scattered clouds
429,George Town,MY,2020-11-09 04:09:38,5.41,100.34,84.2,78,20,4.7,shower rain
430,Chumikan,RU,2020-11-09 04:11:45,54.72,135.31,12.02,84,5,14.65,clear sky
431,Buala,SB,2020-11-09 04:11:45,-8.14,159.59,86.25,62,21,3.24,few clouds
432,West Lorne,CA,2020-11-09 04:11:46,42.6,-81.6,57.2,76,0,6.93,clear sky
433,Key Largo,US,2020-11-09 04:11:46,25.09,-80.45,78.01,86,100,20.0,heavy intensity rain
434,Muroran,JP,2020-11-09 04:11:46,42.32,140.99,39.2,86,75,8.05,broken clouds
435,Waynesboro,US,2020-11-09 04:11:46,38.07,-78.89,57.0,100,1,6.93,clear sky
436,Sabalgarh,IN,2020-11-09 04:11:46,26.25,77.4,76.46,23,0,4.56,clear sky
437,Nenjiang,CN,2020-11-09 04:11:46,49.18,125.22,18.9,86,0,9.46,clear sky
438,Pumiao,CN,2020-11-09 04:11:46,22.75,108.48,75.2,36,0,11.18,clear sky
439,Mpika,ZM,2020-11-09 04:11:47,-11.83,31.45,67.77,60,0,6.96,clear sky
440,Osa,RU,2020-11-09 04:11:47,57.28,55.46,32.32,94,100,13.85,snow
441,Kostino,RU,2020-11-09 04:11:47,58.91,53.27,31.75,95,100,11.27,overcast clouds
442,Kurayoshi,JP,2020-11-09 04:11:48,35.43,133.82,62.6,62,40,17.22,light rain
443,Denizli,TR,2020-11-09 04:09:30,37.84,29.07,37.4,74,0,5.82,clear sky
444,Huarmey,PE,2020-11-09 04:11:48,-10.07,-78.15,60.93,88,55,7.87,broken clouds
445,Mocuba,MZ,2020-11-09 04:11:48,-16.84,36.99,81.5,50,0,5.77,clear sky
446,Berbera,SO,2020-11-09 04:11:48,10.44,45.01,79.56,67,27,4.34,scattered clouds
447,Fayaoue,NC,2020-11-09 04:11:48,-20.65,166.53,75.4,71,67,18.95,broken clouds
448,Rapid Valley,US,2020-11-09 04:11:48,44.06,-103.15,28.0,73,1,17.22,clear sky
449,Gidam,IN,2020-11-09 04:11:48,18.98,81.4,73.26,44,0,5.68,clear sky
450,Prince Rupert,CA,2020-11-09 04:11:49,54.32,-130.32,42.8,64,90,4.7,overcast clouds
451,Kununurra,AU,2020-11-09 04:11:49,-15.77,128.73,102.2,27,34,4.7,scattered clouds
452,Mackenzie,CA,2020-11-09 04:11:49,55.3,-123.17,21.2,79,1,5.82,clear sky
453,Mbamba,NG,2020-11-09 04:11:49,9.98,13.1,70.65,38,11,4.36,few clouds
454,Fonte Boa,BR,2020-11-09 04:11:49,-2.5,-66.27,73.22,97,46,2.57,scattered clouds
455,Cabedelo,BR,2020-11-09 04:11:49,-6.98,-34.83,75.2,100,75,8.05,broken clouds
456,Urengoy,RU,2020-11-09 04:11:49,65.97,78.37,21.92,98,100,11.03,overcast clouds
457,Manali,IN,2020-11-09 04:11:50,13.17,80.27,84.2,74,40,6.93,haze
458,Taman,RU,2020-11-09 04:11:50,45.21,36.72,53.6,76,10,2.24,clear sky
459,Caconda,AO,2020-11-09 04:11:50,-13.73,15.07,60.64,81,47,1.25,scattered clouds
460,Price,US,2020-11-09 04:11:50,39.6,-110.81,28.4,86,40,5.82,scattered clouds
461,Coahuayana,MX,2020-11-09 04:11:50,18.73,-103.68,74.64,88,9,2.75,clear sky
462,Texarkana,US,2020-11-09 04:08:36,33.43,-94.05,69.01,94,90,7.45,mist
463,Tomatlan,MX,2020-11-09 04:11:50,19.93,-105.25,71.73,93,16,2.46,few clouds
464,Hofn,IS,2020-11-09 04:11:51,64.25,-15.21,41.85,83,100,9.89,light rain
465,Seymchan,RU,2020-11-09 04:11:51,62.88,152.43,1.27,90,100,4.97,overcast clouds
466,Fujin,CN,2020-11-09 04:11:51,47.26,132.03,21.38,74,0,16.17,clear sky
467,Saint-Francois,FR,2020-11-09 04:11:51,46.42,3.91,44.6,100,20,2.24,fog
468,Northam,GB,2020-11-09 04:11:51,51.03,-4.22,55.0,94,53,8.01,light rain
469,Bali,ID,2020-11-09 04:11:51,-8.5,115.0,87.8,62,40,3.36,scattered clouds
470,Dobryanka,RU,2020-11-09 04:11:51,58.46,56.42,74.17,96,75,17.9,broken clouds
471,Hammerfest,NO,2020-11-09 04:11:51,70.66,23.68,39.2,80,93,36.91,light rain
472,Alvorada,BR,2020-11-09 04:11:52,-12.48,-49.12,77.95,63,82,3.62,broken clouds
473,Orleans,US,2020-11-09 04:11:52,30.03,-89.95,73.4,78,75,8.05,broken clouds
474,Bolobo,CD,2020-11-09 04:07:06,-2.17,16.23,71.94,90,100,3.76,overcast clouds
475,Kasama,ZM,2020-11-09 04:11:52,-10.21,31.18,66.51,67,0,3.87,clear sky
476,Port Keats,AU,2020-11-09 04:11:52,-14.25,129.55,91.67,53,74,13.15,broken clouds
477,Rudnya,RU,2020-11-09 04:11:52,54.95,31.09,33.35,92,0,4.59,clear sky
478,La Ciotat,FR,2020-11-09 04:11:52,43.17,5.6,60.01,84,86,10.65,overcast clouds
479,Oswego,US,2020-11-09 04:11:52,43.45,-76.15,48.2,81,1,3.36,clear sky
480,Yining,CN,2020-11-09 04:11:53,29.04,114.56,68.49,33,0,4.7,clear sky
481,Sitka,US,2020-11-09 04:10:30,57.05,-135.33,44.6,75,90,26.4,light rain
482,Kungurtug,RU,2020-11-09 04:11:53,50.6,97.52,35.56,78,0,1.52,clear sky
483,Mangrol,IN,2020-11-09 04:09:07,21.12,70.12,81.21,36,0,7.92,clear sky
484,Shelburne,CA,2020-11-09 04:09:50,44.08,-80.2,53.6,87,1,3.36,clear sky
485,Northglenn,US,2020-11-09 04:11:53,39.89,-104.99,48.99,24,40,5.82,scattered clouds
486,Agaro,ET,2020-11-09 04:11:53,7.85,36.65,61.57,88,99,0.69,overcast clouds
487,Gornozavodsk,RU,2020-11-09 04:11:53,58.38,58.32,28.31,97,100,10.42,overcast clouds
488,Washington,US,2020-11-09 04:11:54,47.5,-120.5,39.2,38,90,10.29,overcast clouds
489,Sattahip,TH,2020-11-09 04:11:54,12.67,100.9,84.2,54,20,11.41,few clouds
490,Misratah,LY,2020-11-09 04:11:54,32.38,15.09,67.57,73,51,12.68,moderate rain
491,Dondo,MZ,2020-11-09 04:11:54,-19.61,34.74,77.0,94,40,2.24,scattered clouds
492,Natal,BR,2020-11-09 04:07:07,-5.79,-35.21,75.2,94,75,3.36,shower rain
493,Ambon,ID,2020-11-09 04:11:54,-3.7,128.18,87.8,66,20,8.05,few clouds
494,Soavinandriana,MG,2020-11-09 04:11:54,-19.17,46.73,63.16,55,51,6.44,broken clouds
495,Skibbereen,IE,2020-11-09 04:11:55,51.55,-9.27,53.6,100,75,16.11,broken clouds
496,Buluang,PH,2020-11-09 04:11:55,13.31,123.34,86.85,67,86,2.06,light rain
497,Sungairaya,ID,2020-11-09 04:11:55,0.7,108.9,84.02,71,99,4.34,overcast clouds
498,Mazagao,BR,2020-11-09 04:07:05,-0.12,-51.29,78.8,94,20,5.82,few clouds
499,Los Llanos De Aridane,ES,2020-11-09 04:11:55,28.66,-17.92,66.2,68,0,6.93,clear sky
500,Sioux Lookout,CA,2020-11-09 04:07:32,50.1,-91.92,57.2,67,5,10.29,clear sky
501,Fort William,GB,2020-11-09 04:11:55,56.82,-5.11,50.0,87,100,2.46,overcast clouds
502,Baykit,RU,2020-11-09 04:11:55,61.67,96.37,36.18,87,100,10.89,light rain
503,Belmonte,BR,2020-11-09 04:11:56,-15.86,-38.88,75.2,83,40,3.36,scattered clouds
504,Denpasar,ID,2020-11-09 04:11:56,-8.65,115.22,87.8,62,40,3.36,scattered clouds
505,Udachnyy,RU,2020-11-09 04:11:56,66.42,112.4,1.4,91,90,6.71,light shower snow
506,Namibe,AO,2020-11-09 04:11:56,-15.2,12.15,69.13,73,41,6.2,scattered clouds
507,Ulundi,ZA,2020-11-09 04:11:56,-28.34,31.42,70.29,84,96,1.95,overcast clouds
508,La Concepcion,PA,2020-11-09 04:11:56,8.52,-82.62,80.01,87,82,1.72,broken clouds
509,Sao Gabriel Da Cachoeira,BR,2020-11-09 04:11:56,-0.13,-67.09,73.76,97,82,1.32,broken clouds
510,Sovetskiy,RU,2020-11-09 04:11:56,61.36,63.58,29.79,95,100,8.16,overcast clouds
511,Igarka,RU,2020-11-09 04:11:57,67.47,86.58,26.46,98,100,7.72,snow
512,Martapura,ID,2020-11-09 04:11:57,-3.42,114.85,87.8,70,40,3.36,scattered clouds
513,Birnin Kebbi,NG,2020-11-09 04:11:57,12.45,4.2,71.44,23,2,8.86,clear sky
514,Zhanakorgan,KZ,2020-11-09 04:11:57,43.91,67.25,41.04,78,1,10.22,clear sky
515,Evensk,RU,2020-11-09 04:11:57,61.95,159.23,11.03,88,99,11.95,overcast clouds
516,Villa Del Rosario,CO,2020-11-09 04:11:57,7.83,-72.47,73.42,83,83,1.43,moderate rain
517,Mecca,SA,2020-11-09 04:09:58,21.43,39.83,76.75,71,0,1.74,clear sky
518,Londonderry,GB,2020-11-09 04:11:57,55.0,-7.31,52.16,94,79,8.1,broken clouds
519,Tucumcari,US,2020-11-09 04:11:58,35.17,-103.72,66.2,45,1,24.16,clear sky
520,Tres Arroyos,AR,2020-11-09 04:11:58,-38.37,-60.28,62.73,71,55,11.54,broken clouds
521,Yabrud,SY,2020-11-09 04:11:58,33.97,36.66,59.0,72,75,11.41,broken clouds
522,Penzance,GB,2020-11-09 04:11:58,50.12,-5.54,55.4,93,9,17.22,light rain
523,Kibara,TZ,2020-11-09 04:11:58,-2.15,33.45,71.6,83,40,6.78,scattered clouds
524,Ahvaz,IR,2020-11-09 04:11:58,31.32,48.67,60.8,82,20,2.24,few clouds
525,Lakatoro,VU,2020-11-09 04:11:58,-16.1,167.42,84.2,79,75,4.7,broken clouds
526,Luena,AO,2020-11-09 04:11:58,-11.78,19.92,62.64,82,28,4.56,scattered clouds
527,Luganville,VU,2020-11-09 04:11:59,-15.53,167.17,84.2,79,75,4.7,broken clouds
528,Kenai,US,2020-11-09 04:11:59,60.55,-151.26,35.01,100,90,4.7,moderate rain
529,Presidencia Roque Saenz Pena,AR,2020-11-09 04:11:59,-26.79,-60.44,67.15,94,96,12.19,light rain
530,Colares,PT,2020-11-09 04:11:59,38.8,-9.45,60.01,100,20,5.35,fog
531,Port Macquarie,AU,2020-11-09 04:11:59,-31.43,152.92,71.01,49,6,1.01,clear sky
532,Cururupu,BR,2020-11-09 04:11:59,-1.83,-44.87,77.76,88,22,4.79,few clouds
533,Gisborne,NZ,2020-11-09 04:11:59,-38.65,178.0,55.99,88,84,7.0,moderate rain
534,Tymovskoye,RU,2020-11-09 04:11:59,50.85,142.66,23.32,84,100,8.9,overcast clouds
535,College,US,2020-11-09 04:12:00,64.86,-147.8,32.0,98,90,5.82,snow
536,Moerai,PF,2020-11-09 04:12:00,-22.43,-151.33,75.56,82,100,18.59,overcast clouds
537,Tashtyp,RU,2020-11-09 04:12:00,52.79,89.9,40.66,69,100,5.35,overcast clouds
538,Moundou,TD,2020-11-09 04:12:00,8.57,16.08,69.84,40,0,2.53,clear sky
539,Beloha,MG,2020-11-09 04:12:00,-25.17,45.05,81.45,42,0,12.64,clear sky
540,Carinhanha,BR,2020-11-09 04:12:00,-14.3,-43.77,73.71,75,0,3.33,clear sky
541,Nelson Bay,AU,2020-11-09 04:12:00,-32.72,152.15,69.01,49,40,12.75,scattered clouds
542,Anadyr,RU,2020-11-09 04:12:00,64.75,177.48,8.6,92,20,4.47,fog
543,Thiruvananthapuram,IN,2020-11-09 04:12:01,8.48,76.92,87.8,70,20,2.24,few clouds
544,Benito Juarez,MX,2020-11-09 04:10:11,19.39,-99.17,64.4,52,20,6.93,few clouds
545,Corinto,GR,2020-11-09 04:12:01,37.94,22.96,61.0,51,3,1.99,clear sky
546,La Cruz,MX,2020-11-09 04:12:01,23.92,-106.9,78.01,86,0,3.02,clear sky
547,Jizan,SA,2020-11-09 04:12:01,17.33,42.67,78.8,74,0,6.93,clear sky
548,Bambanglipuro,ID,2020-11-09 04:12:01,-7.95,110.28,85.42,67,88,11.81,overcast clouds
549,Champerico,GT,2020-11-09 04:12:02,14.3,-91.92,69.01,97,99,9.04,moderate rain
550,Sainte-Anne-Des-Monts,CA,2020-11-09 04:12:02,49.12,-66.49,32.0,85,100,2.24,overcast clouds
551,Goiania,BR,2020-11-09 04:12:02,-16.68,-49.25,75.2,78,0,2.24,clear sky
552,Kaplice,CZ,2020-11-09 04:12:02,48.74,14.5,37.0,95,56,0.56,broken clouds
553,Picsi,PE,2020-11-09 04:12:02,-6.72,-79.77,63.84,78,49,8.16,scattered clouds
554,Lorengau,PG,2020-11-09 04:12:02,-2.02,147.27,84.36,68,53,4.18,moderate rain
555,Haines Junction,CA,2020-11-09 04:12:02,60.75,-137.51,35.6,69,100,13.87,light snow
556,Manbij,SY,2020-11-09 04:12:02,36.53,37.95,51.8,62,0,7.16,clear sky
557,Zheleznodorozhnyy,RU,2020-11-09 04:12:03,55.75,38.0,70.75,92,0,6.71,clear sky
558,Cherskiy,RU,2020-11-09 04:12:03,68.75,161.3,1.89,93,98,3.04,overcast clouds
559,Sao Joao Batista,BR,2020-11-09 04:12:03,-27.28,-48.85,66.99,95,95,1.01,overcast clouds
560,Gillette,US,2020-11-09 04:12:03,44.29,-105.5,24.8,73,90,10.29,overcast clouds
561,Saint Anthony,US,2020-11-09 04:12:03,45.02,-93.22,68.0,60,90,12.75,overcast clouds
562,Izvestkovyy,RU,2020-11-09 04:12:03,48.98,131.55,16.07,82,8,11.14,clear sky
563,Upernavik,GL,2020-11-09 04:12:04,72.79,-56.15,-6.07,76,0,9.93,clear sky
564,Puro,PH,2020-11-09 04:12:04,12.48,123.38,84.11,74,39,5.64,light rain
565,Potchefstroom,ZA,2020-11-09 04:12:04,-26.72,27.1,68.02,75,99,7.16,overcast clouds
566,Mulki,IN,2020-11-09 04:09:07,13.1,74.8,84.2,79,20,3.8,mist
567,Alofi,NU,2020-11-09 04:12:04,-19.06,-169.92,78.8,74,75,13.87,broken clouds
568,Brae,GB,2020-11-09 04:12:04,60.4,-1.35,51.8,93,100,12.75,light rain
569,Portland,US,2020-11-09 04:12:04,45.52,-122.68,37.99,74,1,2.37,clear sky
570,Jalu,LY,2020-11-09 04:12:04,29.03,21.55,56.53,80,0,8.9,clear sky
571,Salamiyah,SY,2020-11-09 04:10:09,35.01,37.05,60.98,57,99,4.7,overcast clouds
572,Altay,CN,2020-11-09 04:12:05,47.87,88.12,47.52,46,73,3.02,broken clouds
573,Ranong,TH,2020-11-09 04:12:05,9.97,98.63,77.0,94,75,4.7,moderate rain
574,San Cristobal,VE,2020-11-09 04:10:20,7.77,-72.22,66.43,91,73,1.21,light rain
575,Aitape,PG,2020-11-09 04:12:05,-3.14,142.35,86.0,66,80,8.81,broken clouds
576,Taksimo,RU,2020-11-09 04:12:05,56.34,114.88,11.91,91,100,2.53,light snow
577,Belaya Gora,RU,2020-11-09 04:12:05,68.53,146.42,-12.39,90,93,1.01,overcast clouds
578,Wageningen,NL,2020-11-09 04:12:05,51.97,5.67,52.0,93,90,4.7,mist
579,Katobu,ID,2020-11-09 04:12:06,-4.94,122.53,92.8,41,38,3.51,scattered clouds
580,Najran,SA,2020-11-09 04:12:06,17.49,44.13,60.8,38,0,4.7,clear sky
581,Saryozek,KZ,2020-11-09 04:12:06,44.36,77.98,38.21,81,100,9.19,overcast clouds
582,Houma,US,2020-11-09 04:07:08,29.6,-90.72,72.0,94,40,5.82,scattered clouds
583,Dalianwan,CN,2020-11-09 04:12:06,39.03,121.69,53.6,27,0,11.18,clear sky
584,Mbandaka,CD,2020-11-09 04:12:06,0.05,18.26,70.93,97,100,1.97,moderate rain
585,Felipe Carrillo Puerto,MX,2020-11-09 04:12:06,19.58,-88.05,72.23,91,41,4.43,scattered clouds
586,Banes,CU,2020-11-09 04:12:07,20.96,-75.72,75.2,100,20,4.7,few clouds
587,Conceicao Da Barra,BR,2020-11-09 04:12:07,-18.59,-39.73,72.19,91,61,4.61,broken clouds
588,Tadine,NC,2020-11-09 04:12:07,-21.55,167.88,75.76,63,7,13.69,clear sky
589,Kyren,RU,2020-11-09 04:12:07,51.68,102.14,41.58,65,0,1.97,clear sky
590,Blagoyevo,RU,2020-11-09 04:12:07,63.37,47.92,32.7,95,98,9.69,overcast clouds
591,Hirara,JP,2020-11-09 04:08:54,24.8,125.28,77.0,65,75,19.46,broken clouds
592,Tyrma,RU,2020-11-09 04:12:06,50.08,132.17,18.7,80,53,6.22,broken clouds
593,Ligayan,PH,2020-11-09 04:12:07,4.65,119.47,80.22,78,100,13.89,heavy intensity rain
594,Alta Floresta,BR,2020-11-09 04:12:08,-9.88,-56.09,71.91,98,100,2.82,heavy intensity rain
595,San Borja,BO,2020-11-09 04:12:08,-14.82,-66.85,80.13,53,0,2.13,light rain
596,Vuktyl,RU,2020-11-09 04:07:59,63.86,57.31,28.98,98,100,11.25,overcast clouds
597,Sambava,MG,2020-11-09 04:12:08,-14.27,50.17,75.2,78,100,12.8,overcast clouds
598,Rabo De Peixe,PT,2020-11-09 04:12:08,37.8,-25.58,60.8,77,75,5.82,broken clouds
599,Mnogovershinnyy,RU,2020-11-09 04:12:08,53.94,139.92,14.94,95,100,12.46,light snow
600,Lamont,US,2020-11-09 04:12:08,35.26,-118.91,48.0,82,56,5.99,broken clouds
601,Muros,ES,2020-11-09 04:12:08,42.78,-9.06,55.99,100,75,4.7,broken clouds
602,Manavalakurichi,IN,2020-11-09 04:12:09,8.13,77.3,87.8,70,20,2.24,few clouds
603,Tambacounda,SN,2020-11-09 04:12:09,13.75,-13.76,73.4,94,0,2.24,clear sky
604,Konstantinovskoye,RU,2020-11-09 04:12:09,45.3,42.64,82.45,87,40,17.9,scattered clouds
605,Vada,NL,2020-11-09 04:12:09,51.97,5.67,52.0,93,90,4.7,mist
606,Dunda,TZ,2020-11-09 04:12:09,-8.12,34.25,66.65,78,0,4.47,clear sky
607,Puerto Escondido,MX,2020-11-09 04:12:09,15.85,-97.07,78.8,78,75,3.36,broken clouds
608,Ishigaki,JP,2020-11-09 04:12:09,24.34,124.16,73.4,78,75,24.16,broken clouds
609,Pangnirtung,CA,2020-11-09 04:12:09,66.15,-65.71,7.95,82,15,4.81,few clouds
610,Auki,SB,2020-11-09 04:12:10,-8.77,160.7,83.82,71,66,2.75,light rain
611,Alice Springs,AU,2020-11-09 04:12:10,-23.7,133.88,100.4,10,0,8.05,"sand,dust whirls"
612,Rongcheng,CN,2020-11-09 04:12:10,30.63,117.85,64.0,57,0,5.93,clear sky
613,Swakopmund,NA,2020-11-09 04:12:10,-22.68,14.53,57.99,87,91,3.36,overcast clouds
614,Teguldet,RU,2020-11-09 04:12:10,57.31,88.17,39.22,78,100,13.8,overcast clouds
615,Hualmay,PE,2020-11-09 04:12:10,-11.1,-77.61,61.03,86,54,7.56,broken clouds
616,Manokwari,ID,2020-11-09 04:12:10,-0.87,134.08,85.21,69,100,11.25,moderate rain
617,Kavaratti,IN,2020-11-09 04:12:11,10.57,72.64,84.25,74,1,7.43,clear sky
618,Kyra,RU,2020-11-09 04:12:11,49.58,111.98,36.57,77,0,3.22,clear sky
619,Grand-Santi,GF,2020-11-09 04:12:11,4.25,-54.38,72.93,93,5,2.98,clear sky
620,Yagodnoye,RU,2020-11-09 04:12:11,62.55,149.67,-0.45,90,100,2.98,overcast clouds
621,Ust-Omchug,RU,2020-11-09 04:12:08,61.15,149.63,-3.91,87,73,5.86,broken clouds
622,Ballina,AU,2020-11-09 04:12:11,-28.87,153.57,73.4,64,90,17.22,overcast clouds
623,Tsabong,BW,2020-11-09 04:12:11,-26.02,22.4,70.74,33,91,15.41,overcast clouds
624,Nanortalik,GL,2020-11-09 04:12:11,60.14,-45.24,27.46,93,100,22.62,overcast clouds
625,Costinesti,RO,2020-11-09 04:12:12,43.95,28.63,39.2,100,3,9.17,fog
626,Fasa,IR,2020-11-09 04:12:12,28.94,53.65,46.4,70,0,4.7,clear sky
627,Rio Grande,BR,2020-11-09 04:11:14,-32.03,-52.1,63.88,85,100,13.44,overcast clouds
628,Moyale,KE,2020-11-09 04:12:12,3.52,39.06,67.51,88,41,3.71,moderate rain
629,Balas,PH,2020-11-09 04:12:12,15.03,120.61,78.8,88,90,6.93,moderate rain
630,Talaya,RU,2020-11-09 04:12:12,61.38,152.75,-2.09,89,99,4.5,overcast clouds
631,Baft,IR,2020-11-09 04:12:12,29.23,56.61,53.74,38,0,2.51,clear sky
632,Oga,IT,2020-11-09 04:12:12,46.46,10.35,39.99,92,0,2.24,clear sky
633,Nyurba,RU,2020-11-09 04:12:13,63.28,118.33,6.98,87,69,6.29,broken clouds
634,Mount Isa,AU,2020-11-09 04:07:46,-20.73,139.5,98.6,8,0,4.7,clear sky
635,Healdsburg,US,2020-11-09 04:07:30,38.61,-122.87,46.4,52,1,9.17,clear sky
636,Zatoka,UA,2020-11-09 04:10:16,46.07,30.47,37.4,100,0,3.74,fog
637,Monrovia,LR,2020-11-09 04:12:13,6.3,-10.8,77.0,94,75,3.49,broken clouds
638,Berdigestyakh,RU,2020-11-09 04:12:13,62.1,126.7,-1.73,88,78,2.46,broken clouds
639,Alexandria,EG,2020-11-09 04:09:35,31.22,29.96,62.6,82,40,5.82,scattered clouds
640,Zabol,AF,2020-11-09 04:12:13,32.25,67.25,56.26,27,65,3.71,broken clouds
641,Marshfield,US,2020-11-09 04:12:13,44.67,-90.17,62.01,77,1,12.75,clear sky
642,Kangaatsiaq,GL,2020-11-09 04:12:14,68.31,-53.46,17.49,86,100,14.32,overcast clouds
643,Cascais,PT,2020-11-09 04:12:14,38.7,-9.42,60.01,100,20,5.46,fog
644,Mandalgovi,MN,2020-11-09 04:12:14,45.76,106.27,39.04,63,0,8.14,clear sky
645,Upata,VE,2020-11-09 04:12:14,8.01,-62.4,78.01,96,98,1.01,light rain
646,Kathu,TH,2020-11-09 04:12:14,7.92,98.33,84.2,74,20,9.17,few clouds
647,Sesheke,ZM,2020-11-09 04:12:15,-17.48,24.3,74.44,39,17,4.92,few clouds
648,Casablanca,MA,2020-11-09 04:12:15,33.59,-7.62,64.0,100,0,3.36,clear sky
649,Elko,US,2020-11-09 04:12:15,41.0,-115.5,30.2,58,90,10.29,overcast clouds
650,Ahome,MX,2020-11-09 04:12:15,25.92,-109.18,73.0,92,1,1.12,clear sky
651,Ojinaga,MX,2020-11-09 04:12:15,29.57,-104.42,77.0,25,1,6.93,clear sky
652,Comodoro Rivadavia,AR,2020-11-09 04:07:15,-45.87,-67.5,66.2,42,0,8.05,clear sky
653,Lima,PE,2020-11-09 04:12:15,-12.04,-77.03,62.6,82,0,9.17,clear sky
654,Sao Raimundo Das Mangabeiras,BR,2020-11-09 04:12:15,-7.02,-45.48,77.45,66,0,3.13,clear sky
655,Uaua,BR,2020-11-09 04:12:16,-9.84,-39.48,69.66,76,0,15.12,clear sky
656,Nanakuli,US,2020-11-09 04:12:16,21.39,-158.15,82.4,54,1,8.05,clear sky
657,Monster,NL,2020-11-09 04:12:16,52.03,4.17,50.0,97,98,7.02,overcast clouds
658,Yangambi,CD,2020-11-09 04:12:16,0.81,24.43,70.7,99,100,2.46,overcast clouds
659,Armidale,AU,2020-11-09 04:12:16,-30.52,151.65,64.99,56,0,3.0,clear sky
660,Okha,RU,2020-11-09 04:12:16,53.57,142.95,26.85,96,100,25.12,light snow
661,Simplicio Mendes,BR,2020-11-09 04:12:16,-7.85,-41.91,77.67,61,0,7.52,clear sky
662,Nalut,LY,2020-11-09 04:12:16,30.33,10.85,52.36,70,0,4.41,clear sky
663,Darfield,GB,2020-11-09 04:12:17,53.53,-1.38,50.0,97,92,4.18,overcast clouds
664,Bud,US,2020-11-09 04:12:17,39.45,-86.18,62.6,67,1,3.36,clear sky
665,Hamilton,US,2020-11-09 04:11:42,39.18,-84.53,63.0,59,1,9.17,clear sky
666,Tynda,RU,2020-11-09 04:12:17,55.17,124.72,4.35,85,0,3.78,clear sky
667,Port Blair,IN,2020-11-09 04:12:17,11.67,92.75,84.52,71,42,12.64,heavy intensity rain
668,Matamoros,MX,2020-11-09 04:12:17,25.53,-103.25,77.0,23,5,5.19,clear sky
669,Ocotal,NI,2020-11-09 04:12:17,13.63,-86.48,69.57,92,100,2.75,light rain
670,Kashi,CN,2020-11-09 04:12:18,39.45,75.98,42.8,30,20,8.95,few clouds
671,High Level,CA,2020-11-09 04:12:18,58.52,-117.14,6.8,100,5,2.24,clear sky
672,Itaituba,BR,2020-11-09 04:12:18,-4.28,-55.98,75.99,94,100,1.05,light rain
673,Ust-Maya,RU,2020-11-09 04:12:18,60.42,134.53,-4.63,86,99,2.06,overcast clouds
674,Avera,US,2020-11-09 04:12:18,33.19,-82.53,68.0,100,75,6.93,broken clouds
